"created_at","id_str","full_text","quote_count","reply_count","retweet_count","favorite_count","lang","user_id_str","conversation_id_str","username","tweet_url","image_url","location"
"Tue Dec 05 09:48:20 +0000 2023","1731973770850472114","Sebagai pengguna @BPJSKesehatanRI yang aktif bayar iuran kelas 1  kemarin sempat pengin ngerasain fasilitas klaim asuransi BPJS buat operasi mata. (Karena asuransi swastaku gak bisa cover pengobatan cidera yg terjadi sebelum aku jadi nasabah).  Ternyata emang butuh kesabaran.. ğŸ˜© https://t.co/4BKsOwpmBL","78","237","165","919","in","78226378","1731973770850472114","shitlicious","https://twitter.com/shitlicious/status/1731973770850472114","https://pbs.twimg.com/media/GAk09lYbkAAPWR9.jpg","Indonesia"
"Mon Dec 04 06:41:43 +0000 2023","1731564422374801749","Berita seputar mycoplasma pneumonia:  29 Nov 2023: https://t.co/kf4Izdy58u  3 Des 2023: https://t.co/SFcYToYrQl  Yang anaknya udah punya asuransi kesehatan  cek polisnya masih aktif dan udah lewat masa tunggu apa belum. Yang pake BPJS  jangan sampe nunggak. Just in case. https://t.co/VI9hz6uLiV","4","1","16","14","in","17666340","1731564422374801749","qronoz","https://twitter.com/qronoz/status/1731564422374801749","https://pbs.twimg.com/media/GAfAqSVaoAASV2c.jpg","Jakarta, Indonesia"
"Sun Dec 10 02:04:39 +0000 2023","1733669019927064972","@efwebesofficial Punya asuransi/bpjs ga?","7","19","0","1","in","1285506499473625088","1733667859111542940","duckieomonday","https://twitter.com/duckieomonday/status/1733669019927064972","","nowhere "
"Wed Dec 06 07:26:54 +0000 2023","1732300565353582634","@babufess Alhaitam udah dicover BPJS + Asuransi","5","0","16","446","in","766431939310092288","1732254388255916537","oziriez","https://twitter.com/oziriez/status/1732300565353582634","","Mimpi Indahmu "
"Fri Dec 08 02:09:42 +0000 2023","1732945515548168498","@SeputarTetangga atasan di kantorku ada supir  gaji umr  bpjs  bpjstk  asuransi swasta juga. kerjanya anter anak sekolah baru anter ke kantor nungguin sampe pulang. sehari 10jam kerja  lebih dari itu ada lemburan.  bensin+parkir+toll ditanggung atasanku. antara reimburse atau cash advance.","1","7","6","184","in","125305957","1732942699702223131","donotexizt","https://twitter.com/donotexizt/status/1732945515548168498","","Indonesia"
"Mon Dec 04 07:39:59 +0000 2023","1731579082712965506","Siddokkes Res TTS melakukan pendaftaran dan pencatatan masy. Kab TTS yang belum memiliki KIS/BPJS/ asuransi kesehatan pemerintah lainnya https://t.co/KMGAcb0Fjj","0","0","0","0","in","1450846947565182978","1731579082712965506","aryariski19","https://twitter.com/aryariski19/status/1731579082712965506","https://pbs.twimg.com/media/GAfNztZbkAAEkuL.jpg",""
"Thu Dec 07 00:45:53 +0000 2023","1732562036431945962","* put gagal dpt asuransi BPJS dong kan ruas jarinya ga jadi putus" emang kadang manusia kalo ngomong suka sejahat itu ya pdhl lg kena musibah hehe https://t.co/YE0OtvhIGN","0","0","0","0","in","1576021560447893504","1732562036431945962","symahesputri","https://twitter.com/symahesputri/status/1732562036431945962","https://pbs.twimg.com/media/GAtL_PtbgAA4R_T.jpg",""
"Sat Dec 09 09:50:23 +0000 2023","1733423841740017980","Kenapa yahhh lahiran sc dll dicover bpjs tp kalo normal engga. Kalo asuransi lain dicover ga yaaa  kalo bisa pengen ganti asuransi","0","2","0","0","in","210746212","1733423841740017980","babymauly","https://twitter.com/babymauly/status/1733423841740017980","","Yogyakarta, Indonesia"
"Wed Dec 06 14:50:39 +0000 2023","1732412239930659019","Bener2 bermanfaat ya. Aku punya asuransi swasta n BPJS tp ya tetep pingin coba kalo pake BPJS gmn sih  gak perlu contact2 agent  langsung ke aplikasi. Ternyata cukup mudah dan gampang. Cuma ya klw mau minta cek komplit dan kepo ama penyakit gitu emg ribet bgt. Klw di swasta kitaâ€¦","1","2","2","8","in","515109536","1732409748136272361","melanieppuchino","https://twitter.com/melanieppuchino/status/1732412239930659019","","Indonesia"
"Mon Dec 04 05:04:44 +0000 2023","1731540014172110917","Berobat itu sama kyk izin sakit. Karena prosesnya seharian ğŸ˜‚ Dari pagi smpe jam segini belum dipanggil buat ketemu dokter. Ga tau klo umum atau asuransi systemnya sama atau engga kyk bpjs. Semoga setelah diperiksa dokter ku sehat sehat aja. Aminn https://t.co/mByfZNduPz","0","2","0","0","in","223042068","1731540014172110917","veeFei","https://twitter.com/veeFei/status/1731540014172110917","https://pbs.twimg.com/media/GAeqdgqa0AACCJG.jpg","ğŸ“DKI Jakarta"
"Mon Dec 11 11:29:24 +0000 2023","1734173534061244908","LOWONGAN PEKERJAANâ€¼ï¸ X-POINTS  POSISI : TERAPIS  BENEFIT â€¢ Makan 2x sehari â€¢ Asuransi BPJS â€¢ Training gratis â€¢ Komisi bersih setiap hari 700 ribu - 1 5 juta  Apply Now â€¼ï¸ Kirim Lamaran Ke ğŸ“± 0815-4833-3479 https://t.co/Eb73XGDita","0","0","0","0","in","451607201","1734173534061244908","lokerdisoloraya","https://twitter.com/lokerdisoloraya/status/1734173534061244908","https://pbs.twimg.com/media/GBEFo2waYAA08js.jpg","Surakarta, Jawa Tengah"
"Wed Dec 06 15:09:43 +0000 2023","1732417037191020991","@_carolineputri Kayanya bukan BPJS deh  dokter IGD emang â€œunik-unikâ€ di pengalaman guapun yang make asuransi swasta ğŸ˜‚  Better ke Faskes 1 atau cuss ke poli spesialis sekalian  IGD kalo terpaksa aja ğŸ™ğŸ¼","4","5","11","108","in","873242628","1732240649855111304","namirahsa","https://twitter.com/namirahsa/status/1732417037191020991","","Jakarta Capital Region, Indone"
"Tue Dec 05 02:55:47 +0000 2023","1731869952192201013","Gw jg nunggak lama  but then again  asuransi gw 5jt sebulan. Im debating miself  whether i wanna pay bpjs or not  considering gak bakal pernah gw pake  dan yg bakalan make adalah orang2 yg nunggak.","0","6","2","5","in","1061986531","1731869952192201013","VeritasArdentur","https://twitter.com/VeritasArdentur/status/1731869952192201013","",""
"Mon Dec 11 03:53:55 +0000 2023","1734058909135208494","semua orang DIPAKSA harus bayar BPJS kesehatan  Sampai potong gaji + terpaksa bayar asuransi swasta sendiri!!  Gegara asuransi swasta fasilitas kantor DIPAKSA diganti bpjs.  Ngomong apa kumur kumur itu anaknya orang yg maksa bayar bpjskes.","0","0","1","0","in","1649056796877918211","1734058909135208494","beritanyaaa","https://twitter.com/beritanyaaa/status/1734058909135208494","",""
"Tue Dec 12 06:08:55 +0000 2023","1734455270640910668","Sehat itu mahal apalagi kalau ga dicover bpjs/asuransi.","0","2","0","0","in","1112244839238635520","1734455270640910668","jyotikaoma","https://twitter.com/jyotikaoma/status/1734455270640910668","",""
"Thu Dec 07 12:33:46 +0000 2023","1732740182104051870","@tingginya152cm @worksfess asuransi sama bpjs beda ya?","0","1","0","0","in","1442660209","1732736716040192252","phenty_pen","https://twitter.com/phenty_pen/status/1732740182104051870","",""
"Fri Dec 08 08:48:30 +0000 2023","1733045879106601333","@worksfess kalo ga kerja bisa ga si buat asuransi? atau kalo misalnya kerja tapi perusahaan cuma nyediain bpjs ketenagakerjaan &amp; kita mau pake asuransi  bisa ga ya? aku pengenn buat asuransi deh +tolong jelasin juga jenis jenis asuransi dong:(","0","2","0","0","in","1708859296166105088","1732736716040192252","cakecinism","https://twitter.com/cakecinism/status/1733045879106601333","",""
"Mon Dec 11 12:26:11 +0000 2023","1734187823811694696","Pembayaran pribadi/asuransi/bpjs menentukan pelayanan","0","0","0","0","in","111837235","1734187823811694696","sherlyfn","https://twitter.com/sherlyfn/status/1734187823811694696","","Bekasi, Indonesia"
"Thu Dec 07 01:51:42 +0000 2023","1732578599520317936","Ini mah dokternya aja yg bermasalah. Saya periksa pakai asuransi kesehatan swasta pun pernah salah diagnosis. Dibilang pengapuran padahal belum 17 tahun. Taunya tendon robek.  Ambil kesimpulan BPJS sebagai permasalahan dokter yg bermasalah karena pas bayar ketemu dokter yg pas https://t.co/6DUe1DAdKQ","0","0","1","3","in","169853602","1732578599520317936","Zuherooo","https://twitter.com/Zuherooo/status/1732578599520317936","https://pbs.twimg.com/tweet_video_thumb/GAtbDK0bMAAxPfx.jpg","In Your Eyes"
"Thu Dec 07 00:02:39 +0000 2023","1732551156717768763","Masalahnya bukan cuman bpjs. Bayar mahal atau pake asuransi juga kalo apes ke rs dan dokter yang salah juga salah diagnosis. Ga tau yang salah tuh sdm atau pendidikan atau sistemnya.","0","1","1","0","in","53533236","1732551156717768763","mafia_tahu","https://twitter.com/mafia_tahu/status/1732551156717768763","","Jakarta Capital Region, Indonesia"
"Thu Dec 07 08:10:38 +0000 2023","1732673963111907646","@worksfess Leave. Kecuali  di perjanjian kontrak kepastian dpt training/sertifikasi bnsp min. 1th 1x  outing min. 1th 1x  bpjs-pph-asuransi full cover  bonus akhir thn min 1 5x take home pay  langsung dapat cuti 12x tanpa nunggu 1th kenaikan gaji min. 1 5x kenaikan umk  lemburan 50rb/jam ğŸ˜Œ","0","1","3","50","in","169888897","1732617185565286708","adefavian13","https://twitter.com/adefavian13/status/1732673963111907646","",""
"Mon Dec 11 06:29:21 +0000 2023","1734098023708532739","Admin mohon dibantu  saya sudah membayar tagihan bpjs pertama saya dan membutuhkan id card bahwa saya memiliki asuransi BPJS untuk keperluan pendaftaran kuliah  namun untuk mengakses mobile JKN juga sangatlah susah. Itu bagaimana ya tanggapanya? @BPJSKesehatanRI","0","1","0","0","in","1493099115005513729","1734098023708532739","alrjaes","https://twitter.com/alrjaes/status/1734098023708532739","","mahalieur"
"Fri Dec 08 05:54:27 +0000 2023","1733002077306266094","@worksfess Biar THR kecil  pajak kecil  bpjs/asuransi kecil","0","1","0","27","in","406880616","1732953144936780064","hi_ferdi","https://twitter.com/hi_ferdi/status/1733002077306266094","","Indonesia"
"Sun Dec 10 09:16:17 +0000 2023","1733777647409459355","Pastikan punya asuransi. Ini yang paling penting; setidaknya asuransi dari Badan Penyelenggara Jaminan Sosial (BPJS). Gw sendiri pake BPJS Kelas 1 dan Mandiri inhealth. Kedua asuransi ini sangat membantu untuk mengcover masalah keuangan selama perawatan/tindakan di RS.   (2/13)","0","1","0","0","in","1695399969128402945","1733777644158902570","Kamaestungkara","https://twitter.com/Kamaestungkara/status/1733777647409459355","","Bandung"
"Wed Dec 06 12:28:18 +0000 2023","1732376416019501548","obrolan istj gf &amp; estj bf :  aku maunya tar lahiran eracs ya pak  estimasi biaya sekian  detailnya: - by bpjs sekian - asuransi kantor sekian - sisa ditanggung sendiri sekian  artinya  sblm hamidun  kudu siap dana sekian tuk biaya yg ditanggung sendiri.  kudu banget planning ğŸ‘Œ","0","0","0","0","in","105467314","1732376416019501548","tikkadwi_","https://twitter.com/tikkadwi_/status/1732376416019501548","",""
"Thu Dec 07 15:31:11 +0000 2023","1732784829358612741","@worksfess saatnya mengurus asuransi kesehatan dan ketenagakerjaan  tapi perusahaan gue gaada asuransi adanya bpjs gmn ya.","0","4","0","1","in","1366759404876427266","1732736716040192252","daisymusone","https://twitter.com/daisymusone/status/1732784829358612741","","Sydney"
"Sun Dec 10 11:49:17 +0000 2023","1733816147911573566","klo gue udh punya asuransi apakah gue hrs bikin bpjs?","0","0","0","0","in","1656610734","1733816147911573566","Ardnyzl","https://twitter.com/Ardnyzl/status/1733816147911573566","",""
"Fri Dec 08 08:25:34 +0000 2023","1733040108792914181","saya pernah ikut asuransi non BPJS  dan saya tidak mau ikut lagi!!!","0","0","0","0","in","811091773078441984","1733040108792914181","danapandega","https://twitter.com/danapandega/status/1733040108792914181","",""
"Sun Dec 10 08:01:21 +0000 2023","1733758789344809105","Kaget !!ğŸ˜­ Nder kalao kamu cowok dan lancar komunikasinya boleh bgt nih apply jadi CS perusahaan luar negeri tpi kantor di JKT  benefit asuransi swasta  dpt perawatan gigi  cuti 14 hari masuk hari pertama dpt cuti  BPJS TKU KES  UMR JKT utk awal  q kenal sama head peoplenya.. https://t.co/UFes1ZNEqc","1","1","0","1","in","1569554412649222145","1733758789344809105","orangjowoae","https://twitter.com/orangjowoae/status/1733758789344809105","https://pbs.twimg.com/media/GA-MbFubsAAeLso.jpg","Kota Surabaya, Jawa Timur"
"Thu Dec 07 02:26:48 +0000 2023","1732587434343633115","Aku pake asuransi non BPJS di RS kota X juga pernah salah diagnosağŸ˜‚","0","0","0","0","in","132045715","1732587434343633115","zxfffrr","https://twitter.com/zxfffrr/status/1732587434343633115","","coba lihat dihatimu"
"Mon Dec 11 03:39:20 +0000 2023","1734055237089186202","@MrOngDedy Kalo di Indo skrg ini ada bpjs/asuransi buat anak gt gak sih om?","1","6","0","1","in","427164286","1734054778861502898","Okahida","https://twitter.com/Okahida/status/1734055237089186202","","Shanghai"
"Fri Dec 08 07:35:40 +0000 2023","1733027548202999812","@urgoddamnaries @caxndyswt Asuransi BPJS  rumah kontrakan  transportasi umum. 1-3th sudah bisa hemat berapa coba kalau punya penghasilan 70jt sebulan. Kecuali sekeluarga buat makan doang sejuta sehari. ğŸ˜…","0","1","0","0","in","81354855","1732671927674913278","musonique","https://twitter.com/musonique/status/1733027548202999812","","Mataram, Indonesia"
"Thu Dec 07 03:28:46 +0000 2023","1732603026970726443","Ini yg bermasalag dokternya sih  bukan BPJS-nya.  Dokter BPJS dan Umum/Asuransi tuh sama aja soalnya. Yang beda dr sisi administrasi sama kadang nanti ke obat-obatan yg diresepin (kadang ya  not always)","0","1","2","1","in","105740165","1732603026970726443","muddnostudent","https://twitter.com/muddnostudent/status/1732603026970726443","",""
"Tue Dec 12 15:31:24 +0000 2023","1734596824449917301","Gak jadi drop  gua masih kuatğŸ™ƒ Masih ada asuransi  masih ada bpjs  hayoooo bisa yok bisa yerrrrr  Iman lu lemah banget anjer perkara liat mamat senyum dikit doangğŸ˜­ğŸ˜­  Tapi tapi tapi kyle gua  nantiğŸ˜¢ https://t.co/NVfQX0IhsH","0","0","0","0","in","733177496829452290","1734596824449917301","payeroeo","https://twitter.com/payeroeo/status/1734596824449917301","https://pbs.twimg.com/media/GBKGnp_awAAi5Tv.jpg","Jakarta Capital Region"
"Fri Dec 08 11:50:23 +0000 2023","1733091650660970706","honestly  it's just part of 'adulting'..  the time we all start ngurus asuransi  npwp  passport  bpjs  buka rekening bank  verifikasi payroll  lama kelamaan kehapal sendiri jugağŸ˜­","0","0","0","2","in","1308576681116934145","1733091650660970706","widetride","https://twitter.com/widetride/status/1733091650660970706","",""
"Sun Dec 10 10:48:23 +0000 2023","1733800821962543298","@AnangPradipta Dapet BPJS apa asuransi swasta? Lembur dibayar gak?","0","2","0","1","in","70225118","1733788954519060909","ajenglembayung","https://twitter.com/ajenglembayung/status/1733800821962543298","","404"
"Thu Dec 07 16:21:53 +0000 2023","1732797589861658952","@worksfess Asuransi mana nderr?? Boleh tolong dm?? Aku mau buat aku dan keluargakuuu.. soalnya di perusahaanku adanya bpjs bukan asuransi","0","4","0","0","in","1483820078806482945","1732736716040192252","baekhyun_baek_","https://twitter.com/baekhyun_baek_/status/1732797589861658952","",""
"Tue Dec 12 03:56:20 +0000 2023","1734421904507973898","ayah gue mungkin sabar kalau pakai bpjs  tapi apakah beliau sabar kalau pakai asuransi? jelas ngggaaa udah komplen 2x iniğŸ¤£ https://t.co/XgHKEJisKt","0","0","0","0","in","1628357641465651200","1734421904507973898","aiwanyubimain","https://twitter.com/aiwanyubimain/status/1734421904507973898","https://pbs.twimg.com/media/GBHnhxwbkAAPvI0.jpg",""
"Sat Dec 09 13:36:41 +0000 2023","1733480791173386414","kalau ga di cover asuransi ataupun bpjs  sakit sepele aja berasa mahal ya ğŸ« ","0","0","0","0","in","80209176","1733480791173386414","mel_jean29","https://twitter.com/mel_jean29/status/1733480791173386414","","021"
"Sat Dec 09 11:47:17 +0000 2023","1733453258969260192","@nctjisunga Besok kita minta asuransi bpjs nya dik","0","1","0","0","in","1276503277467693057","1733452142881705995","canhgbin","https://twitter.com/canhgbin/status/1733453258969260192","","â€œIII/VIII â˜† ILLUSOIRE...â€"
"Thu Dec 07 00:17:34 +0000 2023","1732554908937900290","Demo gpp cuma ya bosan ga sih klo tiap demo cuma nuntut naik upah trus  mending nuntut hak2 lainnya terpenuhi kayak bpjs yg hrus pasti ada  jam kerja yg sesuai dgn UU  kepastian di angkat jdi kartap  asuransi kesehatan lainnya  klo nuntut gaji gede trus ya kshan jga perusahaan https://t.co/1waU52pjvF","0","0","0","0","in","131033962","1732554908937900290","mordenitputra","https://twitter.com/mordenitputra/status/1732554908937900290","https://pbs.twimg.com/media/GAtFgRxasAAduni.jpg","Faroe Islands"
"Fri Dec 08 10:42:00 +0000 2023","1733074442451124295","@worksfess sama aku udh pake asuransii juga terutama anak2ku dr 8 bulan langsung masuk asuransi. udah 2x claim yg satu krn kecelakaan kepala bocor (your BPJS wont cover this) dan bronkopneumonia 4hari dirawat FULL COVER. aku bukti nyata dr nasabah jadi agen krn sepenting itu asuransiğŸ¥¹ https://t.co/xQLxLRvnrR","0","0","0","0","in","143661542","1732987128446099459","khairinoona","https://twitter.com/khairinoona/status/1733074442451124295","https://pbs.twimg.com/media/GA0eBHEbYAAWz2L.jpg",""
"Tue Dec 12 06:21:44 +0000 2023","1734458496333283513","Asuransi itu penting ygy Minimal bpjs deh atau kis kalo ada  Kaget banget liat harganya","0","0","0","0","in","241563357","1734458496333283513","fromYtoY_","https://twitter.com/fromYtoY_/status/1734458496333283513","","Jakarta, Indonesia"
"Fri Dec 08 13:14:09 +0000 2023","1733112731568603252","Mempercepat BPJS Kesehatan Gandeng Asuransi Swasta https://t.co/eKDHAsMHxZ","0","0","0","0","in","1330791552583548932","1733112731568603252","bisnisindo_id","https://twitter.com/bisnisindo_id/status/1733112731568603252","","Indonesia"
"Fri Dec 08 06:50:33 +0000 2023","1733016197212602522","mas mas di antrian bpjs yg gasadar kalau kantornya dia ngecover asuransi pruden.","0","0","0","0","in","925929747883757569","1733016197212602522","the90as","https://twitter.com/the90as/status/1733016197212602522","",""
"Tue Dec 12 09:41:54 +0000 2023","1734508869974708699","@convomf selalu dapet gratis dari asuransi  fak bpjs","0","0","0","0","in","4870805300","1734219472465264670","18rizkiadi","https://twitter.com/18rizkiadi/status/1734508869974708699","",""
"Tue Dec 05 04:10:24 +0000 2023","1731888728447308092","Secara sistem BPJS itu bagus banget  doa paling kenceng yah semoga bisa makin baik. Gimanapun asuransi kesehatan adalah jaring pengaman nomor wahid!  Buat bayi yang sering demam tinggi gak jelas penyebabnya bisa dikasih obat penurun demam dr anus tanpa keluar biaya membantu bgt.","0","1","1","0","in","873242628","1731888728447308092","namirahsa","https://twitter.com/namirahsa/status/1731888728447308092","","Jakarta Capital Region, Indone"
"Mon Dec 04 07:34:09 +0000 2023","1731577614958227518","Karena pake bpjs jadi perlu bantuan nyokap buat daftar di IGD dan ambil obat di apotek. Coba pake asuransi pribadi  bisa sendiri ga sih? Huhu aku belum kaya raya. Gini nih ruginya gapunya suami + belum tajir.","0","2","0","1","in","1500740263941386243","1731577614958227518","kuro_2013","https://twitter.com/kuro_2013/status/1731577614958227518","","Jakarta Capital Region"
"Wed Dec 06 01:28:00 +0000 2023","1732210248524644535","emg di indo ini tuh harus punya duit biar dimudahkan wkwk. gue tdnya mau nyobain checkup kaki ke dr spesialis pake BPJS  gue daftar ternyata hrs ada surat rujukan blablabla  dpt no urut 25.  trs gue males  gue blg ganti aja mba ke asuransi / bayar pribadi  dpt no urut 6 ğŸ™‚","0","1","0","0","in","1252556629104459777","1732210248524644535","dhntee","https://twitter.com/dhntee/status/1732210248524644535","",""
"Thu Dec 07 11:30:08 +0000 2023","1732724168238788969","Siap-siap! BPJS Kesehatan Gandeng Asuransi Swasta Mulai 2024 https://t.co/krq6wVKOir","0","0","1","0","in","118646322","1732724168238788969","Bisniscom","https://twitter.com/Bisniscom/status/1732724168238788969","","Jakarta, Indonesia"
"Thu Dec 07 02:51:20 +0000 2023","1732593608396791847","Semua tergantung rs dan pelayanannya jeng. Mo pake asuransi apapun klo rs dan pelayanannya mblendhes ya mbuh. Lahiran cito pake eracs pake bpjs  bill 0. Yg bikin boncos adalah ya kebutuhan lain ky perlengkapan baby https://t.co/A38h1wlKpb","0","1","0","1","in","72834434","1732593608396791847","hai_didi53","https://twitter.com/hai_didi53/status/1732593608396791847","https://pbs.twimg.com/media/GAtosvqboAA0ncW.jpg","Earth"
"Mon Dec 04 23:59:27 +0000 2023","1731825576409751786","@asaibrahim Suami baru aja operasi patah tulang dan pasang implan  total cost 112jt  kalo bpjs kudu nombok berapa ya ğŸ¥²ğŸ¥² tp pake asuransi swasta cuma ada excess 200rb","0","3","1","1","in","112935575","1731663372159185129","Rimdongsky","https://twitter.com/Rimdongsky/status/1731825576409751786","","Tangerang, Indonesia"
"Wed Dec 06 16:44:26 +0000 2023","1732440873546489985","Salah satu yg excellent banget pelayanannya menurutku RS Melinda 2 Bandung.  Gila itu ruang tunggu nya nyaman banget  pendaftaran mau mandiri  asuransi swasta  atau bpjs semua centralized di aplikasi.  Pelayanan sama gaada bedanya.  Muantab lah!  https://t.co/TIyz7UAVfY","0","1","0","0","in","1394872596957569027","1732440128646451210","anang_kur","https://twitter.com/anang_kur/status/1732440873546489985","","Bandung"
"Tue Dec 12 06:35:57 +0000 2023","1734462072468176993","@worksfess 2 digit dipotong pajak  bpjs  asuransi  sisa 1 digit masuk golongan boleh menjawab apa diem aja?","0","0","0","0","in","1335266420452519937","1734422827938586666","_lariduasiang","https://twitter.com/_lariduasiang/status/1734462072468176993","",""
"Mon Dec 11 14:10:22 +0000 2023","1734214041055449405","@undipmenfess tergantung kamu konsul dimana nderr  kalo bpjs/asuransi bisa gratis","0","0","0","0","in","1312055232914833408","1734211885107683393","granatvietcong","https://twitter.com/granatvietcong/status/1734214041055449405","",""
"Fri Dec 08 09:55:21 +0000 2023","1733062702762008951","Baru tau keluarga suami (ortu  adek  ponakan) ga pada punya asuransi  bahkan bpjs :')","0","1","0","0","in","1683357534097408000","1733062702762008951","neemainori","https://twitter.com/neemainori/status/1733062702762008951","",""
"Mon Dec 11 12:01:53 +0000 2023","1734181708105408603","anyink dalam sehari banyak amay surprise ny wir  APALAGI SINI MAJU AKU GA TAKUT  AKU ADA BPJS SAMA ASURANSI","1","0","0","0","in","1162931598376833025","1734181708105408603","yyellowbananaaa","https://twitter.com/yyellowbananaaa/status/1734181708105408603","","she/her"
"Sat Dec 09 14:24:20 +0000 2023","1733492780264292772","Ke dokter spesialis  mana 3 sekaligusğŸ˜©.   Kalo ke cover Bpjs atau asuransi mah aku senang  lah ini kagağŸ’¸","0","0","0","0","in","1273518088521203714","1733492780264292772","apralzolam","https://twitter.com/apralzolam/status/1733492780264292772","","bumi allah"
"Thu Dec 07 02:55:07 +0000 2023","1732594559442616491","gara-gara cerita @_carolineputri jadi mau ceritain pengalaman bapak gw sendiri.   ini ga ada kaitan dengan BPJS jelek  asuransi swasta lebih bagus.   ga ada kaitan kalo pake BPJS diagnosa si dokter asal-asalan/salah  kalo asuransi swasta pasti bener diagnosanya.   - A thread","1","2","1","1","in","1694237925150781440","1732594559442616491","jimjeremyyy","https://twitter.com/jimjeremyyy/status/1732594559442616491","","Jakarta"
"Sun Dec 10 09:49:04 +0000 2023","1733785895718068270","yaah sayang banget gelarnya itumah  seharusnya fg itu minim2 15jt lah udh dapet bpjs+asuransi swasta sama tunjangan hahahihi tentunya","0","0","0","0","in","1021435644642406400","1733785895718068270","sakkdotid","https://twitter.com/sakkdotid/status/1733785895718068270","","Bekasi, Jawa Barat"
"Thu Dec 07 11:35:40 +0000 2023","1732725560407937099","@Areloghy Iya bener 5 hari doang  asuransi masih BPJS doang tapi plan katanya mau adain asuransi swasta juga.","0","1","0","0","in","1696149959954042880","1732402340614021350","j0ebr1an","https://twitter.com/j0ebr1an/status/1732725560407937099","","Yokosuka-shi, Kanagawa"
"Mon Dec 04 13:44:41 +0000 2023","1731670863668301856","@staawberryy ngga ngebenerin biaya medis mahal  tapi ada baiknya asuransi/bpjs karena nalangin buat gini2","0","1","0","0","in","1524646924116103168","1731644954395783567","jestkidding_","https://twitter.com/jestkidding_/status/1731670863668301856","","Jakarta Selatan, DKI Jakarta"
"Sat Dec 09 19:50:32 +0000 2023","1733574872620810721","Temukan CARDIGAN SEMI CROP OUTER RAJUT EIREEN CABLE EKSPORT OVERSIZE 7 GAUGE DR A474  disini ğŸ‘‰ https://t.co/FbOajfNnFl  Asuransi kesehatan adalah investasi penting untuk masa tua. Mau bayar BPJS Kesehatan tepat waktu dan hemat? di SpeedCash bisa  https://t.co/ccKwLO4bgH https://t.co/9Q8HCuIaKm","0","0","0","0","in","919445070972981251","1733574872620810721","UzumackieGuna","https://twitter.com/UzumackieGuna/status/1733574872620810721","https://pbs.twimg.com/media/GA7lJPibUAAsjyR.jpg","Ungaran, Indonesia"
"Wed Dec 06 18:21:05 +0000 2023","1732465196575453428","@_carolineputri Aku bayar ga pake bpjs diperiksa dokter igd jg salah diagnosis btw ğŸ˜­ Pake bpjs atau asuransi malah ga pernah ada masalah. Jd kayaknya oknum aja ga sih","0","1","0","3","in","292717532","1732240649855111304","intanriia","https://twitter.com/intanriia/status/1732465196575453428","",""
"Fri Dec 08 05:11:55 +0000 2023","1732991375162163692","@thettabbycat @worksfess Kak menurutmu kalau udah ada bpjs mending beli asuransi swasta juga ga  soalnya ngurus bpjs ribet banget","0","4","0","0","in","1398839592","1732987128446099459","jennieblekping","https://twitter.com/jennieblekping/status/1732991375162163692","",""
"Wed Dec 06 05:18:55 +0000 2023","1732268361286074636","@ben__widodo Kalo udah punya BPJS ga perlu lagi kan ya asuransi lainnya?","0","2","0","0","in","100183726","1732267509842383101","Eka_viation","https://twitter.com/Eka_viation/status/1732268361286074636","","SRG-CGK-JKTSel"
"Mon Dec 11 07:01:08 +0000 2023","1734106020304355461","Jawabannya simple.  Karena : 1. Yg demo itu dibayar. 2. Rakyat sudah pintar &amp; tahu untuk memilih the original hard worker one yg kerja nyatanya ada asuransi kesehatan org miskin (KIS)  BPJS  biaya siswa s/d kuliah org miskin (KIP)  dll. 3. Males ribut krn rakyat bukan preman.  ğŸ™","0","0","0","0","in","2556873745","1734106020304355461","ImaginarySteady","https://twitter.com/ImaginarySteady/status/1734106020304355461","","Jakarta, Indonesia"
"Fri Dec 08 08:57:31 +0000 2023","1733048145767219379","_Note : comben lain seperti bpjs  asuransi kesehatan  tunjangan transportasi akan dijelaskan saat proses rekrutmen_  Silahkan japri ke nomer ini dan mengirimkan update CV terbaru.  Terima kasih.","0","3","0","7","in","4853788294","1733048133230407830","helmmerah","https://twitter.com/helmmerah/status/1733048145767219379","","Kediri, Jawa Timur"
"Fri Dec 08 05:01:59 +0000 2023","1732988871590514979","@worksfess rasa rasanya gua ingin punya asuransi kesehatan juga  diluar bpjs karna gua gampang sakit jd takut.","0","9","0","18","in","1328933237050191872","1732987128446099459","hasiaanhu","https://twitter.com/hasiaanhu/status/1732988871590514979","","location, unknown"
"Wed Dec 06 09:36:51 +0000 2023","1732333271877644634","Emang bisa ya asuransi kesehatan melebihi limit  selisihnya dibayarkan dengan BPJS kesehatan?","0","0","0","0","in","582421279","1732333271877644634","Re_zamualif","https://twitter.com/Re_zamualif/status/1732333271877644634","","BGR-SUB "
"Fri Dec 08 11:07:31 +0000 2023","1733080863142023565","@Chocolaty303 @worksfess Bpjs emang asuransi yg pualing luas jangkauannya. Iurannya murah pula. Jujur selalu menyarankan pasien2 untuk punya bpjs sebagai asuransi pertama/minimal.","0","0","0","0","in","1622777257369681921","1732987128446099459","midazolammmmm","https://twitter.com/midazolammmmm/status/1733080863142023565","",""
"Thu Dec 07 01:34:42 +0000 2023","1732574321514873029","Sering terjadi salah diagnosa wkwk. Dari situ gw tau  ga semua dokter itu beneran pinter. Gw sendiri udh punya dokter langganan  udh tau kapan aja jadwalnya. Jd kl bukan dia dokternya  mending langsung ke RS pake non bpjs atau bisa pake asuransi kantor.","0","0","0","0","in","1120177780472172544","1732574321514873029","hyubora","https://twitter.com/hyubora/status/1732574321514873029","","an ESFJ-A â€¢ she/her "
"Fri Dec 08 13:18:07 +0000 2023","1733113728042975463","Karena pindah ortho ke klinik yg terkenal  maka biaya kontrol makin bikin nangis.   Mana kaga di cover bpjs atau asuransi WKWKW. Ini pertanda disuruh kerja kerasğŸ¤","0","0","0","0","in","1273518088521203714","1733113728042975463","apralzolam","https://twitter.com/apralzolam/status/1733113728042975463","","bumi allah"
"Mon Dec 04 22:24:15 +0000 2023","1731801616657887553","@fefeniaku @MisbahWiyono @BPJSKesehatanRI Ooh bisa ya gt ya? Maaf saya blm pernah pake BPJS Mbak  pake asuransi kantor biasanya dan gak tau yg namanya bisa upgrade kelas kalo rawat inap  izin hapus komen","0","2","0","1","in","1726262011280125952","1731532459312034003","bangsatriow","https://twitter.com/bangsatriow/status/1731801616657887553","",""
"Thu Dec 07 04:06:59 +0000 2023","1732612642681065700","@_carolineputri Sebagai ex pengguna asuransi perusahaan dan skrg jadinya pake BPJS (karena udah resign)  gw bersaksi kalo pelayanan berobat pake asuransi perusahaan atau bayar pribadi jauh beda kayak bumi dan langit sama berobat pake BPJS.","0","1","0","0","in","100107803","1732240649855111304","dennis85_","https://twitter.com/dennis85_/status/1732612642681065700","","Dimana-mana hatiku senang."
"Thu Dec 07 02:04:28 +0000 2023","1732581813653250322","Gw udah capek ngasih tau fans boi-nya BPJS how problematic BPJS is. Not because I'm an insurance agent  tp gw dah liat temen2 gw tersiksa ama BPJS but they're still fine with it. Padahal asuransi cuman selisih 350 dah dapet pelayanan VIP dan temen gw orang tajir juga!","1","2","0","0","in","48627340","1732581813653250322","txtdarinsurance","https://twitter.com/txtdarinsurance/status/1732581813653250322","","Jawa Tengah, Indonesia"
"Fri Dec 08 00:26:13 +0000 2023","1732919474159009860","Selain dpt BPJSKes &amp; BPJSTK  benefit kyk di bwh ini tu ckup green flag. Kantorku dlu jg dpt asuransi gini selain bpjs  bs claim kacamata bhkan di kantor tmn ad limit uang vitamin per bln. Klo lulus ujian keahlian dpt tunjangan per bln. Trus knp resign pdhl WFH? Rahasia hehehe","0","0","0","2","in","79116921","1732919474159009860","indaho_indah","https://twitter.com/indaho_indah/status/1732919474159009860","","Indonesia"
"Thu Dec 07 14:20:00 +0000 2023","1732766915179757581","Work! Gais  kantor aku cm ngasih asuransi BPJS. Sementara kemarin aku habis di diagnosa autoimun behcet disease :( aku jadi pengen nambah asuransi mandiri buat jaga2 karena pelayanan bpjs lebih lama &amp; ribet.. ada rekomendasi asuransi yg ramah buat gaji 1 digit ga ya? Makasih :"","0","1","0","1","in","1244597361826885636","1732766915179757581","worksfess","https://twitter.com/worksfess/status/1732766915179757581","","BACA RULES"
"Fri Dec 08 08:10:44 +0000 2023","1733036375522652583","@worksfess info dong asuransi kesehatan premi murce aja yg perbulan 200-300an. sebenernya udh punya bpjs dan asuransi dr kantor tp mau beli asuransi yg lain juga","0","2","0","0","in","595365175","1732987128446099459","disssooo","https://twitter.com/disssooo/status/1733036375522652583","",""
"Thu Dec 07 13:28:34 +0000 2023","1732753971947991344","@Giant56193816 Belio gak punya asuransi apapun  even bpjs","0","1","0","0","in","1519001220182310913","1732735344247025907","urfavntfcn","https://twitter.com/urfavntfcn/status/1732753971947991344","",""
"Tue Dec 05 05:58:20 +0000 2023","1731915889342079318","RS taraf international apanya? Admission aja gak jelas alurnya. Mana jutek semua padahal nanganin pasien mandiri/asuransi  gimana kalo nanganin BPJS?! Pantes rating di googlenya jelek!!! @RSCMKencana","0","1","0","0","in","41480410","1731915889342079318","pinkiesheart","https://twitter.com/pinkiesheart/status/1731915889342079318","","Deep in your heart."
"Fri Dec 08 13:00:48 +0000 2023","1733109370857386187","@tanyarlfes Yg udah nikah lama  kalian pake asuransi kesehatan apa selain bpjs?","0","1","0","0","in","241348358","1733024307415269415","dellajihanm","https://twitter.com/dellajihanm/status/1733109370857386187","",""
"Thu Dec 07 23:53:42 +0000 2023","1732911291755639263","@worksfess Tetapi masih banyak orang yang belum paham asuransi (yang murni asuransi ya tanpa embel-embel investasi). Bersyukurlah kita yang fasilitas asuransi kesehatan ditanggung oleh perusahaan. Untuk kita yang tidak ditanggung  lebih baik mandiri dengan BPJS atau perusahaan asuransi.","0","0","0","0","in","1556581484781191169","1732736716040192252","Taufan_Y_852046","https://twitter.com/Taufan_Y_852046/status/1732911291755639263","",""
"Thu Dec 07 02:04:29 +0000 2023","1732581817553985723","Walaupun ya walaupun   Asuransi swasta banyak yang ga cover rawat jalan. Cuman asuransi rawat jalan tuh mahal juga. Gw tadinya mikir BPJS buat rawat jalan aja udah cukup.  Tapi abis baca twit ini  kayanya gw berpikir sebaliknya.","0","1","0","0","in","48627340","1732581813653250322","txtdarinsurance","https://twitter.com/txtdarinsurance/status/1732581817553985723","","Jawa Tengah, Indonesia"
"Tue Dec 12 13:18:46 +0000 2023","1734563444601561401","BPJS Menyediakan banyak kanal informasi dan pengaduan. Bahkan untuk daerah yg sulit dijangkau sekali pun  BPJS menyediakan layanan mobil keliling untuk mempermudah peserta mengakses informasi serta pengaduan. Mana ada asuransi yg iurannya murah dan aksesnya semudah #BPJSKesehatan https://t.co/nKCqlwiFnp","0","0","0","0","in","1309721476170309632","1734563444601561401","TAnggitya","https://twitter.com/TAnggitya/status/1734563444601561401","https://pbs.twimg.com/media/GBJoQGTaoAA4lwy.jpg","Central Java, Indonesia"
"Tue Dec 12 12:37:04 +0000 2023","1734552950515884346","Bjir lah aku itu skrg penyakitan ada aja tuh problem bpjs. Makanya aku manifest kl kerja tuh udh backupan bpjs dan asuransi sekalian yg lainnya anying. Susah amayyyğŸ˜­ğŸ™ğŸ»","0","0","0","0","in","1603914230310129664","1734552950515884346","lilxfairyzzz","https://twitter.com/lilxfairyzzz/status/1734552950515884346","",""
"Thu Dec 07 04:01:03 +0000 2023","1732611151790514313","@UnTimesMan @worksfess kak makasih udah jawab  jd pas salary offering tuh ada Tunj. Kesehatan: 1. BPJS Kesehatan  2. Asuransi XXX. jadi kalau ada keduanya itu gmn ya kak ğŸ¥²ğŸ¥²","0","1","0","0","in","733539223374991361","1732609634861756701","hawkesblue_","https://twitter.com/hawkesblue_/status/1732611151790514313","","23ğŸ¤·â€â™€ï¸"
"Fri Dec 08 01:21:29 +0000 2023","1732933382198423623","@worksfess aku juga tahun lalu op habis 30jt+ dicover asuransi kantor  bpjs. bayar 0 rupiah","0","0","0","0","in","1484203575425499136","1732736716040192252","avocudIIe","https://twitter.com/avocudIIe/status/1732933382198423623","",""
"Wed Dec 06 22:48:51 +0000 2023","1732532583156903964","@_carolineputri BPJS itu kan asuransi kesehatan  kaitannya dengan pembiayaan rumah sakit yang di tanggung oleh asuransi  Kenapa jadi kayak BPJS itu adalah RS yang dokter nya gini gini gitu anu ğŸ˜‚ğŸ˜‚  Setau ane fasilitas RS  pelayanan  dokter yang bertugas itu tergantung RS nya masing2.  CMIIW","0","0","0","0","in","65546172","1732240649855111304","randirafa","https://twitter.com/randirafa/status/1732532583156903964","","-6.353156,106.714654â€â†’Pamulang"
"Mon Dec 04 17:29:55 +0000 2023","1731727545438249231","@txtdarigajelas info yang merconi keluar bpjs ato asuransi?","0","0","0","0","in","218728044","1731626633235476487","arieadriansyahw","https://twitter.com/arieadriansyahw/status/1731727545438249231","","East Java, Indonesia"
"Mon Dec 11 07:06:22 +0000 2023","1734107338095853841","@tempodotco Gak usah BPJS namanya kalo gratis.  Namanya asuransi sampai kapanpun bayar. Cil bocil.","0","0","0","0","in","731749886731816960","1734064463945535616","istomcool","https://twitter.com/istomcool/status/1734107338095853841","",""
"Fri Dec 08 09:21:18 +0000 2023","1733054133962432532","@artetawayindo @worksfess Yg pntg punya bpjs atau asuransi dlu..yang penting jaga2 dlu antisipasi","0","0","0","0","in","1494002199445196805","1732987128446099459","Kleelovers","https://twitter.com/Kleelovers/status/1733054133962432532","",""
"Mon Dec 11 18:18:34 +0000 2023","1734276502945161665","Bilih aya nu mendakan dompet kulit wrna coklat.  Isi sim A &amp; C   KTP   STNK   BPJS   KARTU KESEHATAN ANAK KTA VIKING   KARTU ASURANSI PERSIB  KARTU ATM BCA  Atas nama MAULANA YUSUF BAHTIAR ... D HATURAN NGA INBOX / JAPRI ABDI / DM jatuh sekitaran reungas  cibaligo  cimindi","0","1","0","0","in","400722986","1734276502945161665","tiarvbc","https://twitter.com/tiarvbc/status/1734276502945161665","","tribun timur"
"Thu Dec 07 22:37:02 +0000 2023","1732891999743967484","@worksfess Sama  kantorku jg provide asuransi  tp asuransi disini dikasih utk jabatan supervisor up sedangkan staff masih bpjs. Ada asuransi gini enak si  apa2 tinggal gesek  so far dipake biaya hamil dan lahiran  dan sakit2 ringan ya sangat membantu  apalagi ini bs di link di app kesehatan","0","0","0","0","in","1470412137927348235","1732736716040192252","Dynessy2","https://twitter.com/Dynessy2/status/1732891999743967484","",""
"Mon Dec 11 01:54:28 +0000 2023","1734028848705216559","percuma bikin bpjs percuma faskesnya ngga faskes terdekat haeus mengurus apa asuransi kesehatan apa asuransi jiwa premi tertinggi siap melayani untuk antisipasi video call dengan hyung pergi dulu besok hati hati iya untuk apa kalo ngga pamer pada dunia itu sifat apa","0","0","0","0","in","1616063574870482945","1734028848705216559","facethemic","https://twitter.com/facethemic/status/1734028848705216559","","btsvt"
"Mon Dec 11 22:41:34 +0000 2023","1734342689603338319","@convomfs kalo pembayaran bisa beda antara umum  asuransi atau bpjs  tapi kalau semua pelayanan di igd sama aja ko. dari segi penanganan igd tu pake sistem triase tergantung dari tingkat keparahan atau kegawatdaruratan pasien yang dateng","0","0","0","0","in","1411334921822511107","1734330428943982946","yourxstrawberry","https://twitter.com/yourxstrawberry/status/1734342689603338319","","f2x "
"Fri Dec 08 10:53:39 +0000 2023","1733077374521209141","@neemainori boleh dipertimbangin untuk buat asuransi kl budget ready.   kalo blm  siapin minimal BPJS   kebetulan  since 2017 gw ud fulltime &amp; fullheart di industri asuransi.   Ini thread bbrp klaim yg gw handle yaa   https://t.co/badvTnICwe","0","0","0","0","in","1694237925150781440","1733062702762008951","jimjeremyyy","https://twitter.com/jimjeremyyy/status/1733077374521209141","","Jakarta"
"Thu Dec 07 13:52:42 +0000 2023","1732760045459476497","Tanyain lembur diupah ngga.  Benefit selain BPJS ada ga kaya asuransi swasta.  Cuti potong gaji ga atau potong uang transport doang.  Terus scope kerjaannya ke mana? Head divisi terus langsung ke bos atau lewat manager atau gimana","0","0","0","0","in","1638227581937004544","1732760045459476497","xyduz","https://twitter.com/xyduz/status/1732760045459476497","",""
"Fri Dec 08 05:47:20 +0000 2023","1733000284761399326","@worksfess Ati2. Gapok itu buat perhitungan bpjs  asuransi dll  jadi bebannya nanti kecil di perusahaan  mereka ga mau bayarin dg gaji riilnya. Takutnya kalau nanti prusahaan kenapa2  tunjangan dll yg 4jt itu bisa dikurangin (amit2 c). Cuma buat kerjaan pertama  terima dulu aja  nyari lagiâ€¦","0","3","1","121","in","46962065","1732953144936780064","nathacalista","https://twitter.com/nathacalista/status/1733000284761399326","","Jakarta"
"Wed Dec 06 04:30:31 +0000 2023","1732256179957739560","@tanyakanrl Ini mah masih murah nder  maren gua sakit cuman bapil sama agak demam aja abis 200k anjir wkwkwkwk untung pake asuransi  Trus ponakan gua aja cuman demam 3 hari ga turun abis sejuta wkwkwk haduh penting bgt emang punya bpjs atau asuransi","0","1","0","6","in","588338889","1732255171886067788","Supri50_","https://twitter.com/Supri50_/status/1732256179957739560","",""
"Tue Dec 12 06:45:57 +0000 2023","1734464589415502118","@zeeamommynuest Asli kalau gak pakai BPJS/asuransi mahal banget yahğŸ˜‚pernah anakku dulu nyabut gigi susu 1 nya 100rb dan yg dicabut mesti 3 mana anakku trauma lagi karena dokternya gak babibu langsung aja ampun dehğŸ˜…","0","1","0","0","in","1386567882","1734460147752468653","aerielove_09","https://twitter.com/aerielove_09/status/1734464589415502118","","Indonesia"
"Thu Dec 07 15:22:40 +0000 2023","1732782684274147676","@nurainiazis @mazafsheen @worksfess Anyway aku bukan sender ya jadi aku gak tau beliau pakai apa di kantornya  tapi kemarin kantor suamiku itu ganti-ganti kak (sesuai kerjasama perusahan asuransi &amp; kantor) selain dapet BPJS juga.  Tapi kalau asuransi pribadi  aku pakai PRU Syariah (karena aku agen juga hehe)","0","2","0","0","in","1543632538672844801","1732736716040192252","petite_venom","https://twitter.com/petite_venom/status/1732782684274147676","","Indonesia"
"Tue Dec 12 13:26:21 +0000 2023","1734565352808538185","@worksfess Krena bayarannya lebih murah  asuransi cukup BPJS  dan gak ada kewajiban untuk kasih insentif","0","0","0","0","in","1210758484850966528","1734480707345686694","Djiamput1","https://twitter.com/Djiamput1/status/1734565352808538185","",""
"Mon Dec 11 00:40:26 +0000 2023","1734010214318547366","Cuti control kandungan hari ini  mencoba memberi afirmasi positif ke diri sendiri klo "it's okee .. Cuti mu itu hak mu"  Atasanmu ngga akan ngerti control kandungan pake bpjs itu cuma bisa di hari kerja Karna dia terbiasa pake asuransi &amp; biaya pribadi","0","0","0","0","in","215646871","1734010214318547366","yoliviaCD","https://twitter.com/yoliviaCD/status/1734010214318547366","","Jakarta Capital Region"
"Fri Dec 08 02:54:56 +0000 2023","1732956902215319858","@worksfess kapan yha bisa dapet kantor yg ngasih asuransi gini  dikasi BPJS aja udah disuruh bersyukur. huft","0","1","0","0","in","285653082","1732736716040192252","bebekback","https://twitter.com/bebekback/status/1732956902215319858","","Indonesia"
"Wed Dec 06 11:13:50 +0000 2023","1732357677572112894","@sbyfess Idealnya porsi 30% itu bisa buat dana darurat cukup (3-6x pengeluaran)  BPJS atau asuransi lain sesuai kebutuhan  kalau udah tercukupi  baru buat investasi. Kalau masih ada lebih  boleh buat senang2  atau perbesar investasi juga bagus.","0","0","0","0","in","70039510","1732209017311904039","Ari_Berboedi","https://twitter.com/Ari_Berboedi/status/1732357677572112894","","Kota Surabaya, Jawa Timur"
"Sun Dec 10 10:19:49 +0000 2023","1733793632619208739","@makmuri_aji Sakit ga bisa "diminta" . At least punya asuransi kesehatan mininal BPJS. Ya buat jaga jaga aja sih yaa. Kita kan ga tau kedepannya bakalan seperti apa.","0","0","0","0","in","96246301","1733749106257035391","slvrsulfadiazin","https://twitter.com/slvrsulfadiazin/status/1733793632619208739","","Yogyakarta, Indonesia"
"Mon Dec 11 14:25:38 +0000 2023","1734217886171013378","@tanyakanrl Daftarin BPJS Sama asuransi untuk anak karyawan juga Sama aja. Namanya wowwww woww syekaliii","0","0","0","0","in","905306677636763648","1734057972798808558","hannaconnia","https://twitter.com/hannaconnia/status/1734217886171013378","","Clear Sky Near Your Eye"
"Thu Dec 07 02:50:20 +0000 2023","1732593354402357528","@_carolineputri alhamdulillah g punya BPJS dan asuransi lain kalo sakit  brarti Allah pasti kasih kemampuan dan rejeki untuk bisa berobat dan bantu untuk sembuh kalo meninggal  brarti memang sudah takdirnya  kecuali utk yg benarÂ² sangatÂ² tidak mampu  wajib dicover BPJS","0","0","0","0","in","1115986214","1732240649855111304","bro99_mas","https://twitter.com/bro99_mas/status/1732593354402357528","","Indonesia"
"Sun Dec 10 09:16:22 +0000 2023","1733777668230062242","Supaya gak ribet  download aplikasi JKN. Gw juga pake aplikasi FitAja!  jadi memudahkan untuk mengakses kartu BPJS ama asuransi yang lain. Beberapa asuransi tidak mengcover penyakit IMS dan HIV; jadi pastikan/bicarakan dengan admin setempat supaya tidak menuliskan B20.  (9/13)","0","1","0","0","in","1695399969128402945","1733777644158902570","Kamaestungkara","https://twitter.com/Kamaestungkara/status/1733777668230062242","","Bandung"
"Tue Dec 12 12:28:13 +0000 2023","1734550721692053738","@noroomworldwide @worksfess Karyawan outsource di tempatku dapet BPJS  Asuransi swasta  annual bonus  THR.","0","0","0","0","in","1171397092633264129","1734480707345686694","alpukatlenyet","https://twitter.com/alpukatlenyet/status/1734550721692053738","",""
"Fri Dec 08 04:59:45 +0000 2023","1732988311239881041",""Kan KAMU pasien BPJS  kita gabisa saranin pakai obat apapun" ya seenggaknya lo kasitau hintnya kek gue mesti beli apa  trus ngapain.. dari awal masuk udah KAMU KAMU aja anjing. Kalo asuransi gue limitnya belom abis juga amit-amit kontrol rawat jalan ke BPJS di RS ELU","0","0","0","0","in","1351844623459577857","1732987861451059477","jaehyuniejuseyo","https://twitter.com/jaehyuniejuseyo/status/1732988311239881041","","DKI Jakarta, Indonesia"
"Thu Dec 07 20:45:16 +0000 2023","1732863869356483061","@worksfess ini hal yang aku perhatiin pas kemarin pindah kerjaan + agak kaget beberapa bisnis â€˜gedeâ€™ ngga ngasih benefit asuransi tambahan selain bpjs.  bukannya ngga bersyukur ada bpjs  kita ngga tau kalau tiba-tiba ada musibah &amp; kalau sakit pasti maunya cepet kelar + ngga mikirin admin","0","1","0","0","in","41522752","1732736716040192252","WooPact8","https://twitter.com/WooPact8/status/1732863869356483061","",""
"Wed Dec 06 16:46:08 +0000 2023","1732441303454269826","Itu bukti aja kalo sebenernya yg dialamin sender tuh rs nya aja problematik  aku gatau ya apakah bpjs problematik dari sisi faskes nya atau dari sisi nakes nya.  Tapi selama jadi pasien bpjs aku nyaman sih  malah lebih sering pake bpjs daripada asuransi swasta.","0","0","0","0","in","1394872596957569027","1732440128646451210","anang_kur","https://twitter.com/anang_kur/status/1732441303454269826","","Bandung"
"Sat Dec 09 04:13:01 +0000 2023","1733338940361552237","@SemenjanaPG @prabowo @gibran_tweet @andre_rosiade @bpamte @dekade_08 @Hasbil_Lbs @IrfanSofani @Mosthafavi @andreOPA BPJS itu asuransi  peserta bayar iuran.","0","0","0","0","in","1119218906378334208","1733120426275143877","SitorusWahyudin","https://twitter.com/SitorusWahyudin/status/1733338940361552237","",""
"Thu Dec 07 04:20:14 +0000 2023","1732615979430207517","Juga kita gak boleh tambeng sebagai pasien. Kalo ada saran dari dokter ya didengar baik2 dan dilakuin karena buat kesehatan kita juga.  Dan sebagai dokter harusnya gak boleh tuh tebang pilih pasien  mau itu pasien mandiri/asuransi/BPJS harus sama penanganannya sesuai SOP.","0","0","0","0","in","4219872329","1732609125153173682","justdoED","https://twitter.com/justdoED/status/1732615979430207517","","Plat B"
"Mon Dec 04 04:24:22 +0000 2023","1731529856897405106","Padahal udah pernah PSA dan ditambel nggak sakit samsek tp di RS besar pake asuransi. Ini mau periksa dan tambel gigi di klinik pake bpjs gue kok takut bgt sihğŸ˜­ sampe deg2an wkwkwk kacau","0","0","0","0","in","1466944020","1731529856897405106","skeldksl","https://twitter.com/skeldksl/status/1731529856897405106","",""
"Fri Dec 08 10:47:26 +0000 2023","1733075807453782081","@worksfess BPJS aja dulu. Asuransi swasta kebanyakan jenisnya  salah salah kalo beli polis yang ga sesuai kebutuhan malah bikin tekor","0","0","0","0","in","1477636331824025601","1732987128446099459","eqxqx","https://twitter.com/eqxqx/status/1733075807453782081","",""
"Thu Dec 07 00:31:13 +0000 2023","1732558343540203774","â€œOkay â€ jawab Manajer Muda mencatat gajinya di atas lembaran CV Staf Baru. â€œAnda juga akan dapat bonus  asuransi dan BPJS. Gaji  uang lembur dan bonus ditransfer setiap tanggal 25. Sudah punya nomor NPWP?  --MANAJER MUDA-- https://t.co/Q6WbqkdJkz","0","0","0","0","in","1404011262254612482","1732558343540203774","EscapeReaders","https://twitter.com/EscapeReaders/status/1732558343540203774","","Indonesia"
"Mon Dec 11 13:14:05 +0000 2023","1734199877608046777","@mematchamatchai mana bahasan klo sakit pake cover apa  selain bpjs pake asuransi ga  rumah mau direnov ga  persiapan banjir tahunan gimana","0","0","0","0","in","95414145","1734197531922624536","antiituanti","https://twitter.com/antiituanti/status/1734199877608046777","","Yogyakarta, Indonesia"
"Thu Dec 07 01:25:38 +0000 2023","1732572038710415865","@_carolineputri Ini sih gak ada kaitannya sama bpjs mba. Percayalah dokter yg emng gak kompeten tuh emang ada  mau lu pke jalur bpjs/asuransi/bayar sendiri. Klo emang dirasa gak yakin sama diagnosanya boleh bgt berobat lg di dokter yg berbeda. Atau stlh dikasih obat gak manjur balik kontrol lg.","0","0","0","0","in","1128507283044876288","1732240649855111304","ttooo91","https://twitter.com/ttooo91/status/1732572038710415865","","Jakarta Capital Region"
"Fri Dec 08 06:08:17 +0000 2023","1733005559660761537","@worksfess tar bpjs ketenagakerjaan yu dapetnya kecil juga. asuransi jg kecil. bpjs kesehatan mungkin diikutin ke kelas 3. thr sm bonus yu juga. paling kan 1x gapok. huhuhu","0","0","0","0","in","1598681798170402816","1732953144936780064","__dyahayu__","https://twitter.com/__dyahayu__/status/1733005559660761537","",""
"Thu Dec 07 02:21:00 +0000 2023","1732585971164832223","Beneran gue ngerasain ada perbedaan pasien BPJS sama yg bukan. Gue SC dulu pake Asuransi aja beda bgt kok. Lebih satset.","0","0","0","0","in","80449195","1732585971164832223","ochaaaws","https://twitter.com/ochaaaws/status/1732585971164832223","","Jakarta Capital Region, Indonesia"
"Thu Dec 07 06:22:47 +0000 2023","1732646819237445765","@j0ebr1an Kalau cuma 5 HK  weekend/tanggal merah libur  sudah termasuk asuransi full cover  gaji segitu udah gede banget apapun industrinya.  Kalo cuma BPJS  ya tetep gede sih  asal join asuransi swasta juga untuk backup.","0","1","0","0","in","82554148","1732402340614021350","Areloghy","https://twitter.com/Areloghy/status/1732646819237445765","","Jakarta Pusat, Indonesia"
"Mon Dec 04 09:40:28 +0000 2023","1731609406431969551","@Revaldoapp @asaibrahim wkwk iya mksdku drpd tiap sakit pake bpjs dan naik kelas VIP. mending punya bpjs dan asuransi sekaligus. bpjs buat rawat jalan  asuransi swasta buat penyakit berat yg perlu dirawat. bisa pilih RS terbaik  ngejar dokter pilihan  pendamping pasien jg dpt makan dan tmpt tidur.","0","1","0","0","in","143661542","1731595589257941143","khairinoona","https://twitter.com/khairinoona/status/1731609406431969551","",""
"Thu Dec 07 13:18:26 +0000 2023","1732751421756654068","@akoesukasate @worksfess Iyh bpjs jg oke  sygnya waktu aku rawat di rs ga terima bpjs. Jd pake asuransi lain","0","1","0","0","in","1154586305700831232","1732736716040192252","wemutt_","https://twitter.com/wemutt_/status/1732751421756654068","",""
"Tue Dec 12 03:25:32 +0000 2023","1734414153769517322","@convomfs Para art gw gaji 2.3 jt  udh inc asuransi dan bpjs  sekolah atau kuliah anak  motor pribadi  renov rumah  umroh/haji  bantuan usaha ke keluarga.","0","0","0","0","in","1682645502867968003","1734239664570294540","kowizuk","https://twitter.com/kowizuk/status/1734414153769517322","","Palm Beach Gardens, FL"
"Wed Dec 06 19:49:59 +0000 2023","1732487568929996823","@_carolineputri Tipsku  kalau punya asuransi pakai. Rawat jalan lebih baik pakai asuransi/tunai. Untuk urusan operasi  baru pakai bpjs. Selama ini selalu terbantu pakai bpjs kalau harus rawat inap.  Mungkin dokter di igd tuh dokter jaga koas  soalnya waktu kemarin masuk IGD ditanyain byk hal jg.","1","0","0","0","in","1051433545409781760","1732240649855111304","haloOCTA","https://twitter.com/haloOCTA/status/1732487568929996823","","Di segelas cokelat hangat ğŸ’•"
"Wed Dec 06 01:19:25 +0000 2023","1732208086243504309","@shitlicious @BPJSKesehatanRI kalangan menengah keatas. Menurut saya BPJS itu asuransi murah ya wajar kalau ribet atau harus sedikit sabar dengan prosedur yang ada","0","0","0","0","in","371257103","1731973770850472114","ferryrandi","https://twitter.com/ferryrandi/status/1732208086243504309","","Klaten"
"Thu Dec 07 04:11:25 +0000 2023","1732613761608118400","@_carolineputri 1st experience pake BPJS setelah sebelomnya pake asuransi perusahaan:  Istri berobat. Di ruang dokter msh ada pembatas plastik bening antara dokter ke pasien sisa2 pandemi tapi nggak dilepas.  Cuman tanya jawab di antara plastik pembatas. Lgsg dikasi resep. Udah. Beres. Gitu aja.","0","2","0","0","in","100107803","1732240649855111304","dennis85_","https://twitter.com/dennis85_/status/1732613761608118400","","Dimana-mana hatiku senang."
"Thu Dec 07 00:41:45 +0000 2023","1732560994218758254","@_carolineputri cont- sampe sana dokter IGD nya bilang "kalo nangis digendong aja bu sama disusuin".   lgsg ku semprot "YA KALO DIGENDONG DAN DISUSUIN BERENTI NANGISNYA SAYA GAK MUNGKIN KESINI DONG JAM 2 PAGI!!"ğŸ™ƒğŸ™ƒ  pdhl aku bayar umum non  bpjs/asuransi swasta apapunğŸ¥²","0","0","0","0","in","1284047743669776389","1732240649855111304","bluberyoreo","https://twitter.com/bluberyoreo/status/1732560994218758254","",""
"Sun Dec 10 09:16:18 +0000 2023","1733777650328695024","Kalau gak punya? Bikin segera. Karena saat masuk RS  tanpa asuransi  pasti diminta uang jaminan selama perawatan  sekitar 1.5-5 juta  tergantung dari jenis/tipe RS. Jadi  pastikan BPJS lu pada  aktif semua.  (3/13)","0","1","0","0","in","1695399969128402945","1733777644158902570","Kamaestungkara","https://twitter.com/Kamaestungkara/status/1733777650328695024","","Bandung"
"Fri Dec 08 07:40:42 +0000 2023","1733028815822299539","Hingga Awal Desember 2023  BPJS Ketenagakerjaan Rembang Salurkan Klaim Asuransi Rp 95 miliar Lebih -  #JatengGayeng https://t.co/6Mht16fVx5","0","0","0","0","in","839857283400024064","1733028815822299539","provjateng","https://twitter.com/provjateng/status/1733028815822299539","",""
"Sun Dec 10 01:27:01 +0000 2023","1733659551126442008","@Anak__sehat @killthedj @singgihadn @aniesbaswedan @ganjarpranowo @prabowo Kalo Prabowo lebih ke programnya mirip2 kek analogi kesehatan berobat cukup pake KTP n ga harus bawa BPJS. Konsep dasarnya dah bagus tinggal kembangin n masukin database  bahkan bisa pake HP digital gitu soal segala sesuatunya n integrasi untuk Bank  Asuransi  Bela Beli  n Kredit","0","1","0","0","in","2862109627","1733449453833802171","FelixSGL1","https://twitter.com/FelixSGL1/status/1733659551126442008","","Jakarta"
"Thu Dec 07 13:08:38 +0000 2023","1732748955027705912","@worksfess Coba tanya mencari kandidat yg seperti apa  skill yang dibutuhkan apa. Lalu jgn lupa juga sistem kerja dan kontraknya bagaimana  dapat BPJS atau asuransi gak","0","0","0","0","in","1602796777","1732696455339716629","Kurniawan19_","https://twitter.com/Kurniawan19_/status/1732748955027705912","","Madiun. Indonesia."
"Thu Dec 07 20:32:20 +0000 2023","1732860614564065545","@urfavntfcn daftarin asuransi bpjs teh.. kl diluar bpjs. kayaknya gabisa. krn biasanya asuransi luar bpjs gabisa claim kl penyakit berat itu ada dr sblm daftar (pengecualian riwayat penyakit ringan kayak asma) kayaknya.","0","0","0","0","in","1564053729040424960","1732735344247025907","yrbbyarchv","https://twitter.com/yrbbyarchv/status/1732860614564065545","",""
"Wed Dec 06 16:47:54 +0000 2023","1732441748419518599","@Bammke25 @drnewstwit @Mas_eng92 @t_anna Koreksi jg  RS swasta itu profit dari pasien umum  asuransi swasta  BPJS TK ... kalo BPJS Kes dgn memilih2 kasus yg profit aja  nggak semua operasi/penyakit diterima. Kasus yg rugi dilempar ke RSUD.","0","0","0","0","in","6689892","1731706716038042067","lutfithe13th","https://twitter.com/lutfithe13th/status/1732441748419518599","","Indonesia"
"Mon Dec 04 05:20:01 +0000 2023","1731543859547844620","Work! Kalian yang gajinya -+UMR daftarin asuransi kesehatan swasta/BPJS buat orang tua&amp;sendiri? Persentase Alokasi dana nya gimana ? Boleh share kah?","0","3","0","0","in","1244597361826885636","1731543859547844620","worksfess","https://twitter.com/worksfess/status/1731543859547844620","","BACA RULES"
"Tue Dec 05 00:23:58 +0000 2023","1731831746680029224","@goesbrrbrr @kusuma_loka @asaibrahim @DairyofYdwi Jd bagus sih biasanya  krn asuransi kantor biasanya asuransi swasta non bpjs..yg klaimnya biasanya lbh besar","0","0","0","0","in","288553358","1731595589257941143","adi_ay","https://twitter.com/adi_ay/status/1731831746680029224","","bandung-tasikmalaya"
"Fri Dec 08 01:41:46 +0000 2023","1732938485760446964","@inilahkoranid "1.7 bukan uang bersih"  masih dipotong pph  bpjs  asuransi pribadi  uang sewa kamar ğŸ¥º #cleopatragajiart #gajiartcleopatra","0","0","0","0","in","1359361453266927616","1732697593074102396","djspc1","https://twitter.com/djspc1/status/1732938485760446964","",""
"Sun Dec 10 23:02:22 +0000 2023","1733985535998497143","@tempodotco Saat ini  iuran BPJS ditanggung bersama2 antara pembayar premi &amp; pemerintah. Yg dibutuhkan saat ini pemberantasan korupsi di sektor asuransi swasta.","0","0","0","1","in","1449053263","1733738712704688634","AryaZulvikar","https://twitter.com/AryaZulvikar/status/1733985535998497143","",""
"Mon Dec 04 13:30:34 +0000 2023","1731667309415354863","@asaibrahim Kalo operasi lepas pen plafonnya berapa ya &amp; strateginya sebaliknya gimana ya?   Dulu pasang pen karena jatuh dari motor (kecelakaan tunggal). Awalnya nyoba BPJS  tapi syaratnya ribet (perlu laporan polisi  jasa raharja  dll). Untungnya ada asuransi kantor  jadi bisa satset.","0","3","0","2","in","1390932597987975169","1731595589257941143","goesbrrbrr","https://twitter.com/goesbrrbrr/status/1731667309415354863","",""
"Thu Dec 07 00:53:51 +0000 2023","1732564040222990685","@_carolineputri Tpi abis pindah RS  msi pake BPJS jga  DRnya baik bgt dan gada beda nanganin sama yg gapake BPJS/asuransi","0","0","0","0","in","1172857890354290693","1732240649855111304","yellyheart_","https://twitter.com/yellyheart_/status/1732564040222990685","",""
"Fri Dec 08 12:22:41 +0000 2023","1733099781155594390","@mrsmbeee kalo kehamilan itu ga dicover oleh asuransi ya.   biasanya  untuk kehamilan bisa pake BPJS atau asuransi kantor yg emg provide ini.   kalo asuransi kantor  ada yg tercover full dan ada yg limit.","0","0","0","0","in","1694237925150781440","1724339763875074356","jimjeremyyy","https://twitter.com/jimjeremyyy/status/1733099781155594390","","Jakarta"
"Thu Dec 07 01:53:55 +0000 2023","1732579158033920324","@_carolineputri Gk lama selang 10 menit nggak sanggup  ini orang sakit nggak ada yang cek sama sekali bahkan perawatnya aja nggak ada yang bantuin. Langsung minta pindah ke vip bayar pribadi tanpa asuransi. Gila mulai kerasa bedanya  perawatannya pol-polan beda pas pake BPJS","0","0","0","0","in","1355534577289232385","1732240649855111304","sntdwn","https://twitter.com/sntdwn/status/1732579158033920324","",""
"Wed Dec 06 02:13:10 +0000 2023","1732221615860236663","@unagidonbu Aku awalny mikir apa kendala di  asuransi ya (aku gapake bpjs tapi punya asuransi lain) trus temen aku yg gapunya bpjs juga gak bisa ternyata. Trus kamu juga gabisa. Aku bingung ini masalahnya ada dimana ğŸ˜­","0","0","0","0","in","1257436008586440704","1732209761641455788","Nicconicconiic1","https://twitter.com/Nicconicconiic1/status/1732221615860236663","",""
"Thu Dec 07 09:42:20 +0000 2023","1732697036326425007","@jixzwel @worksfess Abis interview lgsg lupain aja  Jangan ngarep  karena belum tentu HR nya banyak. Bisa jadi cuma ada 5 HR tp yang masuk ada ribuan  blm lagi urus administrasi  bpjs  asuransi  cuti dll. Blm tentu ada waktu &amp; cukup SDMğŸ˜”ğŸ˜”ğŸ˜”","0","0","0","0","in","1645074549439102976","1732423404371034520","ZB1deul","https://twitter.com/ZB1deul/status/1732697036326425007","","â°-Â¹â˜†"
"Fri Dec 08 00:00:04 +0000 2023","1732912894445289815","@yourosesthorns @worksfess Untungnya meskipun ngga punya asuransi swasta tp punya bpjs ğŸ˜­ aku impaksi  operasi full gratis juga. Mana aku sering operasi lagi  beda2  untungnya masih smuanya ke cover sm bpjs  klo ngga dh gatau lah  gapunya asuransi lain ğŸ˜­","0","0","0","0","in","1215237590355304448","1732736716040192252","bukomangga_enak","https://twitter.com/bukomangga_enak/status/1732912894445289815","","hatimu"
"Thu Dec 07 09:32:29 +0000 2023","1732694560554529213","@_carolineputri aku malah bersyukur ada bpjs krn banyak yg kebantu. gak semua punya rejeki buat bayar sendiri atau asuransi lain. tapi emang ini karna bpjs nya kak? kesalahan ada di dokternya sih ini yg diagnosa tanpa periksa dg bener","0","0","0","0","in","1346450908515745792","1732240649855111304","reyarenata","https://twitter.com/reyarenata/status/1732694560554529213","",""
"Wed Dec 06 10:00:41 +0000 2023","1732339269308760163","@shitlicious @BPJSKesehatanRI Awal msalahny asuransi swasta yg disikat bpjs ..  Kalau tau prosedure sih sbnrx gak ribet2 amat cma perlu ditambah ajah sabar nya ..","0","0","0","0","in","140375241","1731973770850472114","Melodiez_Merry","https://twitter.com/Melodiez_Merry/status/1732339269308760163","","Jakarta Capital Region"
"Tue Dec 05 12:18:53 +0000 2023","1732011659919560919","@asaibrahim Tapi dok  aku kan ke dokter yg sama pake bpjs sama pake asuransi. Pas pake asuransi  dokternya mau jelasin panjang lebar. Pas pake bpjs dokternya buru buru banget.","0","0","0","0","in","1718070968625848320","1731663372159185129","eumakeuisin","https://twitter.com/eumakeuisin/status/1732011659919560919","",""
"Tue Dec 05 18:34:28 +0000 2023","1732106179390865412","Pdhl â€œakomodasiâ€ itu ya krn udah kek kerja 24 jam tanpa jam kerja  cuti  benefit yg jelas  bahkan ga banyak org yg daftarin ART nya ini asuransi ya minimal BPJS atau apa gt. Tp nuntut ke ART nya udah kek apaan tau gituuu  hiks sedih","0","0","0","0","in","104702117","1732105810581520672","effervescent_y","https://twitter.com/effervescent_y/status/1732106179390865412","",""
"Thu Dec 07 08:17:05 +0000 2023","1732675586043338886","Krn beberpa kali baca twit begini smpt takut pke bpjs. Pas ank ke 2 jdi ank bpjs  alhamdulillah ternyata perlakuannya sma aja sma yg pribadi atau asuransi","0","0","0","0","in","102952185","1732675586043338886","delyocta","https://twitter.com/delyocta/status/1732675586043338886","","Balikpapan/jogja"
"Mon Dec 04 06:17:31 +0000 2023","1731558332182483091","@akqujulid @18fesss Bukan ngirit tapi hidup sederhana. Makan pake lauk  asuransi bpjs  sekolah anak di negeri  jalanÂ²  ada tabungan. Org di desa emang hidupnya gk ngoyo Kak  sulit di pahami tp begitulah adanya dan mereka sejahtera lahir batin","0","0","0","0","in","1269017680377286658","1730974870937473289","unixneed","https://twitter.com/unixneed/status/1731558332182483091","",""
"Thu Dec 07 03:59:09 +0000 2023","1732610672675209475","@Jingga_____ @ANZIMATTA @_carolineputri banyak regulasi nya kak kalo pake bpjs tp sepengelamanku pake bpjs/umum/asuransi hampir ga ada beda sih prnh dpt dokter yg jutek pdhl byr umum  prnh jg dpt dokter yg ramah pdhl bpjs â˜º  cuma beda ruang ranap aja krn bpjs ga bs pake vip hehe","0","0","0","0","in","1079557530936700928","1732240649855111304","gforgea","https://twitter.com/gforgea/status/1732610672675209475","","Indonesia"
"Fri Dec 08 11:06:22 +0000 2023","1733080574011789663","@Chocolaty303 @tolvarys @worksfess Apa ya yg paling mending kyknya inhealth (produk mandiri). Dia bisa jadi jaminan kedua setelah bpjs. Misal pake bpjs kelas 1 naik vip  nanti kan ada selisih tuh  bisa dijaminkan ke inhealth. Proses penjaminnya juga ga ribet. Serius bukan sales asuransi wkwk","0","1","0","0","in","1622777257369681921","1732987128446099459","midazolammmmm","https://twitter.com/midazolammmmm/status/1733080574011789663","",""
"Fri Dec 08 11:40:40 +0000 2023","1733089206292140156","@worksfess Bener banget nder  cuma asuransi perusahaannya suamiku dibagi bagi ada budgetnya masing masing. Misal rawat jln sendiri  rawat inap sendiri  op besar sendiri  op kecil sendiri. Tapi ada bpjs juga kalo melebihi budget.","0","1","0","0","in","1955327798","1732736716040192252","suryanggun05","https://twitter.com/suryanggun05/status/1733089206292140156","","Kota Surabaya, Jawa Timur"
"Tue Dec 05 17:20:38 +0000 2023","1732087596413747612","HAHAHAAHAHA INI NAMANYA MEMANCING NGAMUKğŸ¤£ğŸ¤£  dikasi tau ada obat ga tertanggung harga 15rb aja sibuk mau viral2inğŸ™‚  gausah BPJS ya. pengguna asuransi yg ternyata didiagnosis penyakit bawaan &amp; ga tertanggung polis asuransinya aja bisa ngamuk2 krn tiba2 diminta bayar sm RS.","0","0","0","0","in","290410974","1732087596413747612","putricynthiaeka","https://twitter.com/putricynthiaeka/status/1732087596413747612","","Jakarta Barat, DKI Jakarta"
"Fri Dec 08 05:13:30 +0000 2023","1732991770135543866","Yeey makin banyak yg aware sama insurance. Seneng bgt akutuh.  Lebih enak lagi private insurance + bpjs kesehatan.  Dr skrg udh bawel sma adekÂ²  buat nyisihin duit kl udh kerja buat beli premi asuransi. Sepenting itu  emg. Klo bkn kita sendiri yg prepare segala macem  siapa lagi?","0","1","0","4","in","1081199533147574273","1732991770135543866","tingginya152cm","https://twitter.com/tingginya152cm/status/1732991770135543866","",""
"Wed Dec 06 23:20:50 +0000 2023","1732540632949006758","@_carolineputri Diopname di 1 franchise RSIA pk BPJS makanannya sedikit &amp; ga mbejajik  eh taunya pake asuransi premium pribadi sama aja ğŸ˜’ opname di RS lokal lain pake BPJS &amp; pribadi makanannya sama dan enak-enakkk seger fresh panas","0","1","0","0","in","1149715304538230784","1732240649855111304","KNRNIsntHere","https://twitter.com/KNRNIsntHere/status/1732540632949006758","",""
"Fri Dec 08 10:32:02 +0000 2023","1733071931463852489","@draineddsoul @worksfess owh gitu  ak udh hamil dan tinggal nunggu 2 bulanan lagi. sebenernya ada BPJS sih cuman ya tadinya (amit2) kalo SC mau di RS bagus kaya Siloam tp ternyata dia nerimanya asuransi aja bkn BPJS","0","1","0","1","in","1647601616","1732987128446099459","kembarannyabora","https://twitter.com/kembarannyabora/status/1733071931463852489","","dimana-mana hatiku senang "
"Wed Dec 06 18:41:27 +0000 2023","1732470324024012830","@MuhadklyAcho Dia gak paham  kak. Dia pahamnya harus ada yang salah. Dan berpikir bpjs kayak asuransi swasta yg biaya pertanggungannya besar.  Padahal bulanannya ya gak segede itu.","0","0","0","0","in","896574872","1732451686193787092","opinibapak","https://twitter.com/opinibapak/status/1732470324024012830","","Indonesia"
"Fri Dec 08 08:38:36 +0000 2023","1733043386012328410","@worksfess Klau blm dapat kerja ataupun udh dapat kerja tapi gk ada fasilitas kesehatan gini satu ges kuncinya baik2 jaga diriğŸ˜­ğŸ˜­ tapi kita bisa pakai asuransi dari pemerintah alias BPJS kan ya yg biayanya murah","0","0","0","0","in","1186285287216779264","1732736716040192252","Bbuyognani1","https://twitter.com/Bbuyognani1/status/1733043386012328410","","Jinan "
"Mon Dec 04 21:17:30 +0000 2023","1731784817983815693","@asaibrahim Bpjs kesehatan sangat membantu untuk urusan ini.   Terserah orang mau bilang pelayanan kayak gimana... tapi orang tua pernah terselamatkan dg asuransi satu ini.   Semoga pelayanan dirsny makin baik.","0","2","1","4","in","1711575542296961024","1731663372159185129","duniagemoy","https://twitter.com/duniagemoy/status/1731784817983815693","",""
"Thu Dec 07 14:29:17 +0000 2023","1732769249565815262","@worksfess Kantor ayah mertuaku juga gini. Mama mertua pernah dirawat abis 15jt  cuma kaluar uang 80k. Mana gitu suami aku masih masuk di asuransi kantor ayah wkwk tapi dikerjaan suamiku gaada  cuma bpjs. Anak istri mah kagağŸ˜­","1","2","0","5","in","1482979110653931521","1732736716040192252","aaptr_","https://twitter.com/aaptr_/status/1732769249565815262","",""
"Tue Dec 05 15:18:18 +0000 2023","1732056811380019620","@tanyarlfes wkwkwk ini yg rekrut hrs nyicipin mau sewa art di luar negeri. Hak-nya sama kayak pegawai kantoran (bayarin asuransi kesehatan min BPJS kes)  gajinya umr  lembur = tambahan gaji","0","0","0","0","in","1402479774501462018","1732007644138033243","Lourakia1","https://twitter.com/Lourakia1/status/1732056811380019620","","mydreamland"
"Tue Dec 05 02:40:14 +0000 2023","1731866037941883062","@asaibrahim Kalau Asuransi kenapa bisa nagih ke Pasien ya kalau diluar plafon biayanya ? Saya maklum sih kenapa RS membatasi pasien BPJS  mungkin hitung2 CSRnya Rumah Sakit. Dan nggak ada kan RS tutup gara2 melayani pasien BPJS ?","0","2","0","0","in","231327294","1731663372159185129","harjonoabi","https://twitter.com/harjonoabi/status/1731866037941883062","","indonesia"
"Mon Dec 11 06:00:40 +0000 2023","1734090806699679882","ke rs langganan rame bgt apalagi bpjs  rs bunda juga rame bgt gtau kenapa  nyoba siloam untung bs pake asuransi bokap","0","0","0","2","in","633717011","1734090440092381397","qatvara","https://twitter.com/qatvara/status/1734090806699679882","","Dubai, United Arab Emirates"
"Mon Dec 04 12:14:39 +0000 2023","1731648206852010324","Halo teman-teman tolong bantu di like ya kawan2. Semoga yg diinginkan tercapaiğŸ™âœ¨  https://t.co/xZ0dVVTuq4  Makasii ya udah like. Karena 1 like sangat berartiğŸŒ¸","0","1","0","0","in","2381417546","1731648206852010324","sukaestehjeruk","https://twitter.com/sukaestehjeruk/status/1731648206852010324","",""
"Thu Dec 07 16:54:52 +0000 2023","1732805888355016995","@Gerindra Sip nitip min bpjs disempurnakan ya.. seperti asuransi swasta .Rs dan bpjs tdk rugi naskes dan dokter mendapat bayaran yg sesuai  pasien mendapatkan perawatan terbaik","0","0","0","0","in","223749476","1732678192539062359","khairaniicut","https://twitter.com/khairaniicut/status/1732805888355016995","",""
"Wed Dec 06 11:34:51 +0000 2023","1732362966031630816","itupun kemarenan harusnya gue bisa pake asuransi mandiri tp entah kenapa rs gue kemaren ANEH BGT ngewajibin habis pake jr HARUS ke bpjs  gakbisa lanjutan ke mandiri. jd yaudalah untung punya bpjs.","0","0","0","0","in","1213449119005474816","1732362729997094948","sselatann","https://twitter.com/sselatann/status/1732362966031630816","",""
"Mon Dec 04 14:03:06 +0000 2023","1731675500618134006","@worksfess Kalau masih UMR  better BPJS sih. Daripada maksain beli asuransi kesehatan tapi cuma bisa bayar beberapa bulan aja. Dengan BPJS  minimal akses kesehatannya bisa jalan terus karena kita mampu bayarnya.","0","0","0","0","in","1622761688016773120","1731543859547844620","insurancetalkid","https://twitter.com/insurancetalkid/status/1731675500618134006","","Indonesia"
"Tue Dec 05 02:00:36 +0000 2023","1731856063090266347","@asaibrahim Pantes  aku pernah mau OP ditanya sama dokternya dulu punya asuransi apa? Trs aku bilang BPJS dan dokternya langsung tanya ada yang lain gak? Aku jawab nama asuransi swasta dan dokternya bilang : "Pake asuransi swasta ini aja" gitu...","0","0","0","0","in","1442704005155606533","1731663372159185129","faustinee29","https://twitter.com/faustinee29/status/1731856063090266347","",""
"Thu Dec 07 12:03:55 +0000 2023","1732732669413454260","@j0ebr1an Ya kalo udah 13jt mah  meski gak ada pun asuransi swasta cuma BPJS tok  ambil aja sih kalo cuma 5 hari kerja.  Tapi  hari/jam kerja itu harus tertuang dalam kontrak. Kalo ada kelebihan  kantor wajib bayar OT buat kamu.  Kalo mereka berani  sikaaatt!!","0","0","0","0","in","82554148","1732402340614021350","Areloghy","https://twitter.com/Areloghy/status/1732732669413454260","","Jakarta Pusat, Indonesia"
"Tue Dec 05 07:07:57 +0000 2023","1731933410510172503","@asaibrahim @BPJSKesehatanRI @KemenkesRI  eh tapi pegawai BPJS enak sih ya pakai asuransi swasta  yang jelas lebih tinggi plafonnya dibanding pakai asuransi produk sendiri","0","0","0","1","in","1717052836318683136","1731663372159185129","khusus_22","https://twitter.com/khusus_22/status/1731933410510172503","",""
"Tue Dec 05 16:32:13 +0000 2023","1732075412874985635","@shitlicious @BPJSKesehatanRI Sabar saja ngga cukup. Butuh juga sikap teliti membaca dan mau belajar memahami ttg BPJS dan Asuransi Swasta.  Hanya bermodal kan pemahaman  kalo ada asuransi semuanya pasti dibayar sebenernya adalah suatu teori yang sesat. Maap ya ğŸ¥ºSekali lagi  itu adalah SESAT ! Belajar yuk","0","0","0","0","in","1464919423131611136","1731973770850472114","AyaAndara9090","https://twitter.com/AyaAndara9090/status/1732075412874985635","",""
"Thu Dec 07 14:38:51 +0000 2023","1732771657058836959","@quesadillachs @zvvzvvv_ @Hello_Jewellia @worksfess Pihak asuransi yg menentukan dia udh kerja sama ke rs mana aja ka. Kalo ga kerjasama pun bisa tp sistemnya reimburs. Kalo udh kerjasama bisa cashless kaya bpjs","0","1","0","0","in","2347176890","1732736716040192252","crombolonieh","https://twitter.com/crombolonieh/status/1732771657058836959","","Jakarta Capital Region"
"Tue Dec 05 16:04:54 +0000 2023","1732068539086111200","@shitlicious @BPJSKesehatanRI kudune alasan mbuh yaa moro moro ngene mendadak ğŸ˜‚ğŸ˜‚ğŸ˜‚ kalo laka asuransi jasa raharja.. mengko separuan karo bpjs","0","0","0","0","in","77939855","1731973770850472114","achhafidz","https://twitter.com/achhafidz/status/1732068539086111200",""," LIMBO"
"Tue Dec 05 16:01:11 +0000 2023","1732067604033159174","@nurultryani Gapok 1.7jt Tunjangan Kerajinan 1.3jt Tunjangan Jabatan 500rb  Tunjangan Kecapean 800rb  Tunjangan Lembur 50rb / Jam  Tunjangan Kesehatan 500rb  Asuransi Swasta  BPJS Tenaga Kerja   Mungkin kek gitu mksud nya","0","0","0","0","in","1147562716942389249","1731982212139307100","HerlambangMedy","https://twitter.com/HerlambangMedy/status/1732067604033159174","","Bogor Selatan, Indonesia"
"Tue Dec 05 22:12:39 +0000 2023","1732161087422988656","@unnesmenfess kalo ada bpjs atau asuransi kesehatan serc aja rs terdekat banyak psikolog maupun psikiater  kalo takut buat ke rs sendiri  siapapun kamu aku bisa bantu nemenin atau minta temenin temen terdekatmu nder  btw semangat yaa ğŸ¥º","0","0","0","2","in","1296387291678535680","1732115469207994432","leamorfati","https://twitter.com/leamorfati/status/1732161087422988656","",""
"Tue Dec 05 00:03:08 +0000 2023","1731826500658200620","@irwndfrry Pengalaman keluarga besar aku. Jangan lupa pake asuransi 2 kak jika ada rezeki lebih. Yang BPJS seumpama waiting list lama bisa operasi di swasta dulu nanti kemo nya lanjut BPJS. Oh iya aku ada resep herbal jus kenikir ampuh banget buat tumor dan kanker diminum 1 kali tiap hari.","0","1","0","1","in","1051567710906109953","1731734639516213603","mannasawla","https://twitter.com/mannasawla/status/1731826500658200620","",""
"Tue Dec 05 19:37:43 +0000 2023","1732122096766173209","@shitlicious @BPJSKesehatanRI Harusnya asuransi kesehatan sosial pemerintah cukup satu pintu  ya BPJS saja. Kenapa harus ada jasaraharja dan juga BPJS KTN. Lagian siapa sih yg mau sakit dan kecelakaan. Harusnya dg menjadi anggota BPJS   pesertanya bisa berobat ke fasilitas kesehatan apapun penyakitnya","0","0","0","0","in","433175183","1731973770850472114","tejoharizola_","https://twitter.com/tejoharizola_/status/1732122096766173209","","Lamongan"
"Thu Dec 07 12:35:41 +0000 2023","1732740663974994394","@phenty_pen @tingginya152cm @worksfess Sama sama bermanfaat dan bisa digunakan ketika kondisi sakit rawat inap  tentunya fasilitas yang diberikan akan berbeda Ka antara Insurance dengan BPJS. Tanya2 asuransi dan konsultasi boleh ka DM Feel free ğŸ˜Š","0","0","0","1","in","3163980918","1732736716040192252","Donny_her","https://twitter.com/Donny_her/status/1732740663974994394","","Jawa Barat, Indonesia"
"Thu Dec 07 03:37:06 +0000 2023","1732605124420546732","@infntB_ Intinya bekerjalaj sampai kamu pindah dari bpjs ke asuransi kesehatan swasta kwkwkwkwk","0","0","0","0","in","226122752","1732587821444346305","MRizkiRmdhn","https://twitter.com/MRizkiRmdhn/status/1732605124420546732","",""
"Tue Dec 05 03:19:10 +0000 2023","1731875836482269651","@asaibrahim Thank you dok untuk pencerahannya. BPJS memang bagus. Untuk yang pake asuransi pribadi swasta mungkin lebih dapet layanan ga pake ribet dirujuk" dan RS jadinya ga perlu ribet mikirin alokasi jatah plafon ya dok","0","2","0","0","in","35678777","1731663372159185129","fransjpk","https://twitter.com/fransjpk/status/1731875836482269651","","DPS-MLG-JKT."
"Mon Dec 11 09:14:33 +0000 2023","1734139598899654882","@falla_adinda Di Hermini Depok juga untuk urusan tensi  timbang berat badan dipusatkan di 1 nurse station tapi untung nya kudu ambil nomor antrean dulu. Terus mau itu pasien BPJS  asuransi &amp; umum semua kasta podho.","0","0","0","0","in","58787049","1734066196558012668","deboroll","https://twitter.com/deboroll/status/1734139598899654882","","Jakarta Capital Region"
"Thu Dec 07 14:22:41 +0000 2023","1732767589590298688","@worksfess kantor suamiku jg ada asuransi cuman sayangnya lahiran gk dicover pdhl ak butuh :(  tp untung punya BPJS sih","0","1","0","0","in","1647601616","1732736716040192252","kembarannyabora","https://twitter.com/kembarannyabora/status/1732767589590298688","","dimana-mana hatiku senang "
"Thu Dec 07 07:49:31 +0000 2023","1732668645975937130","@dennis85_ @_carolineputri Halo kak @dennis85_ smoga pengobatannya lancar ya.  Ijin respon kak. Dengan keterbatasan BPJS dan asuransi kantor yg bersifat sementara  mgkn sudah saatnya punya asuransi pribadi jg. Produk Allianz sudah cashless dan sesuai tagihan di seluruh Indonesia.  DM aku lgsg ya kak ğŸ™ğŸ»","0","0","0","0","in","77957981","1732240649855111304","JonWijaya","https://twitter.com/JonWijaya/status/1732668645975937130","","Jakarta Capital Region, Indonesia"
"Tue Dec 05 11:33:59 +0000 2023","1732000361752240322","@VeritasArdentur Setuju. Tapi apakah ada pengaruh industri asuransi swasta dalam kebijakan terbaru BPJS sehingga kurang maksimal?","0","0","0","0","in","40643575","1731797564230692988","alesong","https://twitter.com/alesong/status/1732000361752240322","","earth"
"Fri Dec 08 13:40:01 +0000 2023","1733119240952258735","@yubiaksara @worksfess aamiin kak  kalo gak ya suami kak yang dpt asuransi dr kantornya aamiin ..kan sama aja kak ğŸ˜‚ğŸ˜‚ğŸ˜‚ bukan mengkerdilkan bpjs sih  tp ampin deh antri repotnya","0","0","0","0","in","1012516335807447040","1732736716040192252","PilahPilihPilah","https://twitter.com/PilahPilihPilah/status/1733119240952258735","","Bumi Allah "
"Thu Dec 07 12:46:58 +0000 2023","1732743502759620886","@worksfess Gw udh ngerasain dr awal hamil sampe anak imunisasi semua free pake asuransi kantor wkwkwk sekali klaim bisa jutaan apalagi pas imunisasi. Bnr2 gabayar alias kek pake bpjs pdhl imunisasi lengkap","0","3","0","3","in","2347176890","1732736716040192252","crombolonieh","https://twitter.com/crombolonieh/status/1732743502759620886","","Jakarta Capital Region"
"Mon Dec 04 10:40:13 +0000 2023","1731624441980047678","@senjakal4 @asaibrahim loh kan dia BPJS tapi mau VIP. Sedangkan VIP di asuransi udh start from 400rb dengan banyak bgt manfaat dan gak ada nombok. BPJS 150rb/bln tp kl mau VIP hrs nambah harga kamar dan 25% dari bills. lebih untung punya dua duanya mnrtku sihh","0","0","0","0","in","143661542","1731595589257941143","khairinoona","https://twitter.com/khairinoona/status/1731624441980047678","",""
"Sun Dec 10 04:36:38 +0000 2023","1733707270339625285","Pas Milo lagi sering seringnya ke vet  aku sama ibu wondering ini gak ada apa ya bpjs buat hewan peliharaan? Terus tadi baru liat vt kucing kakinya kecengklak sampe harus op dan katanya si owner cuma bayar 20% dari total bills karena sisanya dicover asuransi","0","1","0","0","in","997120206886522880","1733707270339625285","hazelchocotea","https://twitter.com/hazelchocotea/status/1733707270339625285","","the cupboard under the stairs"
"Thu Dec 07 02:14:00 +0000 2023","1732584212665143742","@JL_Apatheia @soniakhotmi @_carolineputri BPJS ga pakai sistem limit coverage  Kak. Beda dengan asuransi swasta.","0","0","0","0","in","135427860","1732240649855111304","binti_jumuah","https://twitter.com/binti_jumuah/status/1732584212665143742","","Yogyakarta - Indonesia"
"Mon Dec 04 10:05:46 +0000 2023","1731615773171601853","@makneru bisa cek highlight IG aku @kikikhairini ttg asuransi swasta va kantor. Kalo menurutku asuransi swasta penting sih karena kl kita udh ada riwayat2 penyakit pake bpjs/askes kantor. nnt ada kemungkinan gak diterima sm asuransi swasta. kan kita kerja disatu tmpt ga seumur hidup toh","0","1","0","0","in","143661542","1731595589257941143","khairinoona","https://twitter.com/khairinoona/status/1731615773171601853","",""
"Wed Dec 06 06:23:33 +0000 2023","1732284624578249026","@jimjeremyyy @shitlicious @heliodious kaya nya gw dah ada 4 asuransi deh gk dilanjutin  lbh mahal juga  lapse trus angus deh ğŸ˜…. Buat gw sih bpjs juga lbh luas cakupan nya.","0","0","0","0","in","1638734993441828864","1731973770850472114","soundefire","https://twitter.com/soundefire/status/1732284624578249026","",""
"Mon Dec 04 06:03:34 +0000 2023","1731554818555367828","@worksfess Kalau versi gw sih 50-30-20.. 50 biaya hidup 30 savings + asuransi 20 dana darurat  Tp krn orangtua itu biaya asuransinya mahal  jadi masih pakai bpjs dulu kalau untuk orangtua","0","0","0","0","in","1660948287418163200","1731543859547844620","Manik0497","https://twitter.com/Manik0497/status/1731554818555367828","",""
"Tue Dec 05 05:40:55 +0000 2023","1731911507859124712","@snflwrls @snflwrls SAMSAT  PDAM  Ticketing  Kartu Kredit Bank Lain  Multimedia  Multifinance  Asuransi dan BPJS K.  Waspada ya Kak dengan info perubahan biaya transfer online antar bank dan info lainnya dari nomor WA yang tidak dikenal. (2/4)","0","0","0","0","in","3272444328","1731858149928554760","BNICustomerCare","https://twitter.com/BNICustomerCare/status/1731911507859124712","","Jakarta Capital Region"
"Tue Dec 05 00:02:53 +0000 2023","1731826438741922243","@irwndfrry kemarin sempet 1x radiasi disana (MRCC) Emang rada lama untuk daftar nya  untuk daftar online jam 4.30 ibu saya kebagian jam 3sore :( allhamdulilah asuransi kantor nya ACC pindah ke mayapada tangerang. MRCC emang rujukan BPJS untuk cancer mas kalo ga salah selain darmais","0","0","0","0","in","1602644045792100352","1731734639516213603","raihaannatl","https://twitter.com/raihaannatl/status/1731826438741922243","",""
"Thu Dec 07 08:05:22 +0000 2023","1732672637498007601","@_rawi_ @_carolineputri wah thanks a lot infonya! berguna bgt ini buat temen2 yg pake fasilitas bpjs  supaya tau kondisi gawat darurat itu apa aja kriterianya.  soalnya  lebih sering denger cerita temen dan keluarga kl pake bpjs itu harus ngomel2 dulu  baru diurusin.","0","1","0","0","in","1694237925150781440","1732240649855111304","jimjeremyyy","https://twitter.com/jimjeremyyy/status/1732672637498007601","","Jakarta"
"Thu Dec 07 14:22:48 +0000 2023","1732767617860157550","@PuputWidodo @worksfess perspektif baru nih dan setuju!   bpjs bukan benefit  tp kewajiban.","0","0","0","7","in","1694237925150781440","1732736716040192252","jimjeremyyy","https://twitter.com/jimjeremyyy/status/1732767617860157550","","Jakarta"
"Tue Dec 05 13:29:47 +0000 2023","1732029503176937782","@ernarahma05 @shitlicious @BPJSKesehatanRI Kadang RS takut klaimnya ga dibayar sama BPJS. Jdnya suka minta kelengkapan yg sdh  jelas ga dijamin sama asuransi lain","0","1","0","2","in","33089325","1731973770850472114","afrizalbasya","https://twitter.com/afrizalbasya/status/1732029503176937782","",""
"Mon Dec 11 06:23:27 +0000 2023","1734096540824965608","@indahbunga07 @indahbunga07 Multimedia  Multifinance  Asuransi dan BPJS KS. https://t.co/la1wQ0dn6Z saldo e-wallet yang bisa didapatkan maksimal sebesar 200.000 8.Reward e-wallet berupa OVO Cash.(6/10)","0","0","0","0","in","3272444328","1734094222914203865","BNICustomerCare","https://twitter.com/BNICustomerCare/status/1734096540824965608","","Jakarta Capital Region"
"Thu Dec 07 05:14:00 +0000 2023","1732629509344739799","@_carolineputri Kapok sih abis dr situ kaga mau coba bpjs deh mending spend uang lebih buat asuransi lain","0","1","0","0","in","1121607708065427456","1732240649855111304","callme_ilay","https://twitter.com/callme_ilay/status/1732629509344739799","","Jakarta Capital Region"
"Mon Dec 04 03:20:15 +0000 2023","1731513720461987864","@agannyi Aku periksa darah aja di rs swasta pake asuransi swasta 2 jam lgsg jadi  tp pas di rsud pake bpjs periksa darah yg sama (malah lebih lengkap pas di rs swasta) hasilnya keluar seminggu kemudian","0","0","0","0","in","808762128","1731172475143426194","graphforurlife","https://twitter.com/graphforurlife/status/1731513720461987864","","gopay, dana, Spay, BCA"
