created_at,id_str,full_text,quote_count,reply_count,retweet_count,favorite_count,lang,user_id_str,conversation_id_str,username,tweet_url,Produk
Mon Sep 25 06:06:11 +0000 2023,1706188329295966416,"@shintaaraa_ 1.5 jt per tahun sist, bukan kantor sih jatuh nya dr asuransi aia. Bpjs juga ada tapi jumlah lebih kecil, lupa besarannya brpa nggk pernah pakai soalnya. Kalo dr kantor sndiri ngk ada kak.",0,1,0,0,in,431418842,1706122633287553370,Ditanyadia,https://twitter.com/Ditanyadia/status/1706188329295966416,AIA
Fri Sep 22 14:15:41 +0000 2023,1705224351996641705,"@kumparan Mohon klarifikasi dr pihak asuransi #Adakami,#pinjol,#onlineloan,#loans,#Cartel,#fraud Cc:@SBILife,@Nationwide,@Nationwide,@NewYorkLife,@amfam,@AXAIndonesia,@AXA,@the_real_aia,@acaasuransi,@Jiwasraya,@as_sinarmas,@KPPU,@YLKI_ID,@TulusAbadi,@TulusWijanarko,@ING_news,@FT,@fsa_JAPAN",0,0,0,0,in,549841921,1705184059335532911,MuhTaufikRahmat,https://twitter.com/MuhTaufikRahmat/status/1705224351996641705,AIA
Fri Sep 22 06:47:25 +0000 2023,1705111541975314830,ğŸ””ğ™‡ğ™Šğ™†ğ™€ğ™ ğ™…ğ˜¼ğ˜½ğ™Šğ˜¿ğ™€ğ™ğ˜¼ğ˜½ğ™€ğ™†  ğ™‰ğ™Šğ™ğ™€: buka link tautan melalui web browser!  â€¢ Posisi : LIFE PLANNER (AGEN ASURANSI) â€¢ Perusahaan : PT. AIA FINANCIAL  â€¢ Lokasi : Kota Bogor.  Daftar dan apply CV ğŸ“©: https://t.co/NalWnQrM3m  #fyptiktokindonesia https://t.co/pVQv7RHouB,0,0,0,0,in,1515856096933539840,1705111541975314830,ayusukaijo,https://twitter.com/ayusukaijo/status/1705111541975314830,AIA
Fri Sep 22 06:44:36 +0000 2023,1705110832282230799,ğŸ””ğ™‡ğ™Šğ™†ğ™€ğ™ ğ™…ğ˜¼ğ˜½ğ™Šğ˜¿ğ™€ğ™ğ˜¼ğ˜½ğ™€ğ™†  ğ™‰ğ™Šğ™ğ™€: buka link tautan melalui web browser!  â€¢ Posisi : LIFE PLANNER (AGEN ASURANSI) â€¢ Perusahaan : PT. AIA FINANCIAL  â€¢ Lokasi : Kota Bogor.  Daftar dan apply CV ğŸ“©: https://t.co/y20LunvnRg  #lokerbogor #bogordaily https://t.co/GqcAoAqBEV,0,0,0,0,in,1298647119402643456,1705110832282230799,u2brosist,https://twitter.com/u2brosist/status/1705110832282230799,AIA
Thu Sep 21 09:11:43 +0000 2023,1704785467294826746,#AIA #AIA Indonesia #Asuransi Unit Link 5 Tips self-healing Untuk Menjaga Kesehatan Mental product6 Bagaimana produk unit link terus tumbuh khususnya di masa pandemi? Yuk simak apa kata Prita Ghozi mengenai peningkatan kepercayaan terhadap produk ini.Â   https://t.co/zTNWUTTIV9,0,0,0,0,in,1519622250089283584,1704785467294826746,fiona99351131,https://twitter.com/fiona99351131/status/1704785467294826746,AIA
Thu Sep 21 02:46:55 +0000 2023,1704688628927201775,"@rikici Halo bang maaf nimbrung, boleh saya dm terkait pembatalan polis aia?ğŸ™ğŸ»saya minggu kemarin ngeiyain asuransi aia, dan polisnya barusan dikirim ke email, itu masih bisa dibatalin ga ya bang?ğŸ™ğŸ»soalnya rek saya juga belum di debetğŸ™ğŸ»",0,1,0,0,in,442390694,1273605641307742208,fiayeee,https://twitter.com/fiayeee/status/1704688628927201775,AIA
Mon Sep 18 06:33:09 +0000 2023,1703658401228820846,#AIA #AIA Indonesia #Asuransi Unit Link 5 Tips self-healing Untuk Menjaga Kesehatan Mental product6 Bagaimana produk unit link terus tumbuh khususnya di masa pandemi? Yuk simak apa kata Prita Ghozi mengenai peningkatan kepercayaan terhadap produk ini.Â  https://t.co/0znxnANGsm,0,0,0,0,in,1527556150350139392,1703658401228820846,vivian89043067,https://twitter.com/vivian89043067/status/1703658401228820846,AIA
Mon Sep 18 05:34:20 +0000 2023,1703643598124949780,"Impactnya akan banyak RS yang rekanan menjadi tidak rekanan  Check to your agent, mau perusahaannya Allianz, AIA, Generalli, Prudential, Panin sama aja  Tapi karena Prudential uda mulai, perusahaan lain tinggal follow  Semuanya akan lebih baik buat nasabah tapi memang prosesnyaâ€¦",0,1,2,1,in,1350533526,1703637840826085717,filcadet,https://twitter.com/filcadet/status/1703643598124949780,AIA
Sat Sep 16 06:39:30 +0000 2023,1702935221136667015,@darkhustle__ Mohon maaf atas ketidaknyamanannya. Nomor tersebut terdaftar sebagai program untuk penjualan/penawaran asuransi AIA melalui telemarketing ya Bapak/Ibu Pelanggan. Tks ğŸ™‚ ^Achel,0,0,0,0,in,620977821,1702933319447679170,HaloBCA,https://twitter.com/HaloBCA/status/1702935221136667015,AIA
Fri Sep 15 05:57:49 +0000 2023,1702562342679228452,#AIA #AIA Indonesia #Asuransi Unit Link AIA Amani Bagaimana produk unit link terus tumbuh khususnya di masa pandemi? Yuk simak apa kata Prita Ghozi mengenai peningkatan kepercayaan terhadap produk ini.Â  https://t.co/z6QcIwK5Es,0,0,0,0,in,1527556150350139392,1702562342679228452,vivian89043067,https://twitter.com/vivian89043067/status/1702562342679228452,AIA
Fri Sep 15 02:15:10 +0000 2023,1702506310078791864,"@fitriaastrif Mohon maaf atas ketidaknyamanannya Ibu @fitriaastrif. Nomor tersebut merupakan nomor telepon Telemarketing Asuransi AIA ya, jika tidak berkenan maka dapat diabaikan saja. ğŸ™‚ Tks ^^Fiza",0,0,0,0,in,620977821,1702504460055097634,HaloBCA,https://twitter.com/HaloBCA/status/1702506310078791864,AIA
Thu Sep 14 11:35:26 +0000 2023,1702284920864080117,"@lalaphound Dengan senang hati kami informasikan Ibu @lalaphound. Bukan modus penipuan ya, nomor telepon tersebut merupakan nomor telepon Telemarketing Asuransi AIA, jika Ibu tidak berkenan maka dapat diabaikan saja. ğŸ™‚ Tks ^^Fiza",0,0,0,0,in,620977821,1702284121463005262,HaloBCA,https://twitter.com/HaloBCA/status/1702284920864080117,AIA
Thu Sep 14 03:17:42 +0000 2023,1702159660311355468,#AIA #AIA Indonesia #Asuransi Unit Link AIA Amani Bagaimana produk unit link terus tumbuh khususnya di masa pandemi? Yuk simak apa kata Prita Ghozi mengenai peningkatan kepercayaan terhadap produk ini.Â  https://t.co/FQ3kchrNrp,0,0,0,0,in,1527556150350139392,1702159660311355468,vivian89043067,https://twitter.com/vivian89043067/status/1702159660311355468,AIA
Wed Sep 13 10:46:28 +0000 2023,1701910208887591183,"@narenoneone Mohon maaf atas ketidaknyamanannya Bapak/Ibu Pelanggan. Untuk nomor telepon tersebut merupakan telemarketing asuransi AIA, jika tidak berkenan mohon diabaikan ya. Saran",0,0,0,0,in,620977821,1701905002783183063,HaloBCA,https://twitter.com/HaloBCA/status/1701910208887591183,AIA
Wed Sep 13 09:02:35 +0000 2023,1701884066218545420,"@88____n0 Dengan senang hati kami informasikan, benar ya Bapak/Ibu Pelanggan untuk nomor tersebut resmi dari pihak telemarketing AIA yang menawarkan produk asuransi.  Tks ğŸ™‚ ^Esper",0,0,0,0,in,620977821,1701879705342026199,HaloBCA,https://twitter.com/HaloBCA/status/1701884066218545420,AIA
Wed Sep 06 02:45:16 +0000 2023,1699252398290833420,kemren ada yg telpon dari AIA. lupa tanya kalo mau ngajuain asuransi kebakaran toko. untuk antisipasi bisa di AIA tidak ga? @HaloBCA,4,12,0,0,in,1451737292788305921,1699252398290833420,sept060696,https://twitter.com/sept060696/status/1699252398290833420,AIA
Tue Sep 05 13:38:16 +0000 2023,1699054343247564956,"@Matcchalatte Saya pribadi dan keluarga buat asuransi kesehatan pakai AIA. Sekaligus jadi agennya. So far pengalaman klaim di keluarga sendiri maupun klien yg lain ga ada kendala berarti. Manulife atau Pru juga ok, layak dipertimbangkan. https://t.co/rfnzC49SKX",0,0,0,0,in,193596724,1699044830503211053,SemEinhart,https://twitter.com/SemEinhart/status/1699054343247564956,AIA
Tue Sep 05 03:05:28 +0000 2023,1698895093082783950,"Rada rada ya emang asuransi itu. Gw nabung dan beli asuransi dari Allianz, Manulife, Prudential, AIA, belasan taun banyakan keluar dananya daripada manfaatnya.   Sekali aja sih kepake operasi masuk RS, jadi I will keep health insurance aja skrg.",1,5,1,3,in,108877394,1698895093082783950,felinekeeper,https://twitter.com/felinekeeper/status/1698895093082783950,AIA
Mon Sep 04 02:51:55 +0000 2023,1698529292765061125,Dan ibu gua msh nyimpen pamfletnya AIA dr jaman 2014 dan dikasih unjuk ke pegawainya malah berdalih. Meraka mengatasnamakan tabungan biasa buat narik nasabah.  asuransi dzalim sekali biar Allah yg bales.,0,0,0,0,in,1101820558306492416,1698528215331922234,LFS1502,https://twitter.com/LFS1502/status/1698529292765061125,AIA
Mon Sep 04 02:47:38 +0000 2023,1698528215331922234,"Almh ibu gua dulu ikut AIA, udah 10 thn dan tahun 2020 udah pas 10 thn tp ternyata itungan dr pihak AIA thn depannya alias 2021. Gua kesel bgt dan potongan bnyk bgt contoh seharusnya dpt 70jt malah dpt 50 jt. Buat pembelajaran mending gk usah ikut asuransi lbh baik nabung biasa.",0,1,0,0,in,1101820558306492416,1698528215331922234,LFS1502,https://twitter.com/LFS1502/status/1698528215331922234,AIA
Sun Sep 03 01:43:10 +0000 2023,1698149606268481723,@arievrahman Asuransi swasta paling bagus adalah AIA,0,0,0,0,in,161717117,1697996262602379297,iamjuanalbert,https://twitter.com/iamjuanalbert/status/1698149606268481723,AIA
Fri Sep 01 10:50:16 +0000 2023,1697562512546513064,@tanyakanrl dulu dr asuransi aia suka ngucapin tapi sekarang udah ga pernah lg ğŸ˜¢ apakah aia melupakan aku? ğŸ˜­ğŸ˜­ğŸ˜­ğŸ˜­ğŸ˜­ğŸ˜­ğŸ˜­,0,0,0,0,in,1383638311634305028,1697558684568817970,stayw8thskz,https://twitter.com/stayw8thskz/status/1697562512546513064,AIA
Fri Sep 01 08:57:31 +0000 2023,1697534137052397606,"@icaalicey Mohon maaf atas ketidaknyamanan yang Ibu @icaalicey alami. Untuk nomor tersebut merupakan nomor pihak telemarketing asuransi AIA. Jika Ibu tidak berkenan dan tidak ingin dihubungi kembali, mohon kesediaan Ibu untuk menghubungi Halo BCA 1500888.",0,0,0,0,in,620977821,1697531328978415854,HaloBCA,https://twitter.com/HaloBCA/status/1697534137052397606,AIA
Fri Sep 01 00:56:15 +0000 2023,1697413020341960985,@TabunganAnakAIA @Asuransi_AIA mau stop gimana caranya?,0,0,0,1,in,234645042,1697413020341960985,farifboy,https://twitter.com/farifboy/status/1697413020341960985,AIA
Fri Sep 01 00:55:53 +0000 2023,1697412930646552620,@hartaeri @Asuransi_AIA mau stop gimana caranya?,0,0,0,0,in,234645042,1697412930646552620,farifboy,https://twitter.com/farifboy/status/1697412930646552620,AIA
Fri Sep 01 00:55:31 +0000 2023,1697412839227662687,@Asuransi_AIA mau stop gimana caranya?,0,0,0,0,in,234645042,1697412839227662687,farifboy,https://twitter.com/farifboy/status/1697412839227662687,AIA
Fri Sep 01 00:54:07 +0000 2023,1697412484817408432,@AIA_Asuransi mau stop gimana cara nya?,0,0,0,0,in,234645042,1697412484817408432,farifboy,https://twitter.com/farifboy/status/1697412484817408432,AIA
Thu Aug 31 04:52:33 +0000 2023,1697110099796566485,@AIA_financial @AIAGroupLimited @ojkindonesia @jokowi @ListyoSigitP @DivHumas_Polri @DPR_RI @Don_dasco @OmbudsmanRI137 BAGAIMANA DATA PENTING BISA SALAH ????  DATA PENGHASILAN DAN LAIN-LAIN DI MANIPULASI !!!  SUDAH BANYAK KORBAN DARI SABANG SAMPAI MERAUKE. MODUSNYA SEMUA SAMA  DI BILANG â€œTABUNGANâ€ BERBONUS ASURANSI.  JELAS INI KEJAHATAN YANG SUDAH TERSTRUKTUR DAN TERORGANISIR!!!  TLNG PAK @jokowi https://t.co/a3ZK85pzTd,0,0,0,0,in,1622214694839934978,1689431353295831040,FonnyMfft67,https://twitter.com/FonnyMfft67/status/1697110099796566485,AIA
Wed Aug 30 14:09:59 +0000 2023,1696887994311975215,"kalo ada agen asuransi AIA liat twit ini pls notice, gua mau tanya tanya",0,1,0,0,in,1100786603406983168,1696887994311975215,xmrvel,https://twitter.com/xmrvel/status/1696887994311975215,AIA
Fri Aug 25 14:32:59 +0000 2023,1695081843048296572,"@woshidian Untuk nomor telepon 02130487001, 02131181781 dan 02180679725 benar dari telemarketing BCA untuk penawaran asuransi AIA sedangkan nomor 02150950888 dan 02131148856 tidak terdaftar pada sistem kami. (1/2)",0,1,0,0,in,567255514,1695023476007113139,BankBCA,https://twitter.com/BankBCA/status/1695081843048296572,AIA
Fri Aug 25 12:06:38 +0000 2023,1695045013053571401,"@SiaranBolaLive Pake asuransi yg lain aj bro, jngan aia Kasian duit klen nasabah aia masuk ke klub yg ga jelas arahnya kemana",0,0,0,0,in,3231948786,1694978160348234233,ybcactus_,https://twitter.com/ybcactus_/status/1695045013053571401,AIA
Fri Aug 25 08:20:38 +0000 2023,1694988140841447831,"Perusahaan asuransi, PT AIA Financial (AIA Indonesia) meluncurkan inisiatif ESG (Environment, Social, Governance) di bawah payung program â€œAIA Sehat Untuk Negeriâ€.  Selengkapnya https://t.co/raSMzg0xf0",0,0,0,1,in,1169861863426818048,1694988140841447831,theiconomic,https://twitter.com/theiconomic/status/1694988140841447831,AIA
Fri Aug 25 02:40:50 +0000 2023,1694902624913412285,"@raeinbow Dengan senang hati kami bantu infokan Bapak/Ibu Pelanggan. Untuk proses pembatalan asuransi AIA, mohon kesediaan Bapak/Ibu dapat langsung konfirmasi ke AIA di nomor telepon 1500980 atau melalui email dengan alamat id.customer@aia.com.",0,0,0,0,in,620977821,1452560737075793923,HaloBCA,https://twitter.com/HaloBCA/status/1694902624913412285,AIA
Thu Aug 24 15:43:35 +0000 2023,1694737222388617303,@HaloBCA bagiamana saya membatalkan polis asuransi AIA. Tolong telemarketernya nelpon saya dan mengatakan saya setuju,3,9,0,0,in,1091276189828706305,1694737222388617303,raeinbow,https://twitter.com/raeinbow/status/1694737222388617303,AIA
Thu Aug 24 15:19:41 +0000 2023,1694731208092262891,halo gimana yah cara ngebatalin asuransi dari AIA ini? gue gak setuju kalo kayak gini gak jelas bgt https://t.co/Dq3tOlZsKX,1,0,0,0,in,1091276189828706305,1694731208092262891,raeinbow,https://twitter.com/raeinbow/status/1694731208092262891,AIA
Mon Aug 21 05:13:32 +0000 2023,1693491503967158468,@mbjull Untuk nomor telepon tersebut benar terdaftar pada sistem kami dan merupakan nomor telepon Telemarketing AIA ya Bapak/Ibu Pelanggan. Untuk asuransi tersebut tidak wajib sehingga jika Bapak/Ibu tidak bersedia dapat diabaikan saja. ğŸ™‚ Tks ^^Hira,0,1,0,1,in,620977821,1693483829653332094,HaloBCA,https://twitter.com/HaloBCA/status/1693491503967158468,AIA
Fri Aug 18 08:44:27 +0000 2023,1692457417748201524,#AIA #AIA Indonesia #Asuransi Unit Link 768 x 400 test Bagaimana produk unit link terus tumbuh khususnya di masa pandemi? Yuk simak apa kata Prita Ghozi mengenai peningkatan kepercayaan terhadap produk ini.Â   https://t.co/gDkv5h3Cnt,0,0,0,0,in,1519622250089283584,1692457417748201524,fiona99351131,https://twitter.com/fiona99351131/status/1692457417748201524,AIA
Tue Aug 15 05:33:33 +0000 2023,1691322214556258304,"@aminudazis Mohon maaf atas ketidaknyamanan yang Bapak @aminudazis alami. Untuk nomor telepon tersebut resmi nomor pihak telemarketing untuk asuransi AIA ya.   Telemarketing asuransi merupakan Telemarketing BCA, sehingga tidak ada",0,0,0,0,in,620977821,1691319475822555136,HaloBCA,https://twitter.com/HaloBCA/status/1691322214556258304,AIA
Fri Aug 11 08:10:01 +0000 2023,1689912039509266432,"ğŸ’š guys kalian ada yang pernah atau jadi korban PT AIA asuransi kerjasamanya BCA ? Kalo ada komen dong aku mau nanyacara batalinnyağŸ˜­ kena jebak telemarketing asuransi bilangnya gada bayaran ternyata ada bayar premi mana ada gila""nya 10tahun lolğŸ˜­ atm BCA sampe gua blokir. https://t.co/Tj3btWQazt""",0,6,0,1,in,1331650559518990336,1689912039509266432,tanyakanrl,https://twitter.com/tanyakanrl/status/1689912039509266432,AIA
Thu Aug 10 00:59:30 +0000 2023,1689441305825583104,@SopoJar6wo @DivHumas_Polri @ListyoSigitP https://t.co/uHk4Bt82Wa  Ke pda warga net yg Budiman mohon bantu suaraknğŸ™ agar sya mendpatkn keadilan/hak sya yg tlah dirmpas Oleh aia Yg berkerjasama dgn @BankBCA Penawarn tbungn berbonus Asuransi ternyata smua itu TIPUANğŸ˜­  CC @jokowi  @DivHumas_Polri @FPKSDPRRI  @DPR_RI Dayak,0,0,0,0,in,1622214694839934978,1537621174515269632,FonnyMfft67,https://twitter.com/FonnyMfft67/status/1689441305825583104,AIA
Thu Aug 10 00:57:38 +0000 2023,1689440837837770752,@jessicavero21 @Keysha486 https://t.co/uHk4Bt82Wa  Ke pda warga net yg Budiman mohon bantu suaraknğŸ™ agar sya mendpatkn keadilan/hak sy yg tlah dirmpas Oleh aia Yg berkerjasama dgn @BankBCA Penawarn tbungn berbonus asuransi ternyata smua itu TIPUANğŸ˜­  Kpd media mohon up kasus sy @cnbcindonesia @CNBC Dayak,0,0,1,0,in,1622214694839934978,1634022393051234304,FonnyMfft67,https://twitter.com/FonnyMfft67/status/1689440837837770752,AIA
Thu Aug 10 00:47:19 +0000 2023,1689438239743246336,@Emu7715 @antoxOn7 @MprAldo https://t.co/uHk4Bt82Wa  Ke pDa warga net yg Budiman mohon bantu suaraknğŸ™ agar sya mendpatkn keadilan/hak sya yg tlah dirmpas Oleh aia Yg berkerjasama dgn @BankBCA Penawarn tbungn berbonus asuransi ternyata smua itu TIPUANğŸ˜¡  CC @jokowi  @DivHumas_Polri @FPKSDPRRI  @DPR_RI Dayak,0,0,0,1,in,1622214694839934978,1686959877216944128,FonnyMfft67,https://twitter.com/FonnyMfft67/status/1689438239743246336,AIA
Thu Aug 10 00:46:54 +0000 2023,1689438137645494272,@masmukidii @antoxOn7 https://t.co/uHk4Bt82Wa  Ke Pda warga net yg Budiman mohon bantu suaraknğŸ™ agar sya mendpatkn keadilan/hak sya yg tlah dirmpas Oleh aia Yg berkerjasama dgn @BankBCA Penawarn tbungn berbonus asuransi ternyata smua itu TIPUANğŸ˜¡  CC @jokowi  @DivHumas_Polri @FPKSDPRRI  @DPR_RI Dayak,0,0,0,0,in,1622214694839934978,1686959877216944128,FonnyMfft67,https://twitter.com/FonnyMfft67/status/1689438137645494272,AIA
Thu Aug 10 00:46:34 +0000 2023,1689438053646184448,@abdi150681 @antoxOn7 https://t.co/uHk4Bt82Wa  KE pda warga net yg Budiman mohon bantu suaraknğŸ™ agar sya mendpatkn keadilan/hak sya yg tlah dirmpas Oleh aia Yg berkerjasama dgn @BankBCA Penawarn tbungn berbonus asuransi ternyata smua itu TIPUANğŸ˜­  CC @jokowi  @DivHumas_Polri @FPKSDPRRI  @DPR_RI Dayak,0,0,0,0,in,1622214694839934978,1686959877216944128,FonnyMfft67,https://twitter.com/FonnyMfft67/status/1689438053646184448,AIA
Thu Aug 10 00:46:08 +0000 2023,1689437942467768321,@yuniantosaja @antoxOn7 https://t.co/uHk4Bt82Wa  Ke pda warga net yg Budiman mohon bantu suaraknğŸ™ agar sya mendpatkn keadilan/hak sya yg tlah dirmpas Oleh aia Yg berkerjasama dgn @BankBCA Penawarn tbungn berbonus asuransi ternyata smua itu TIPUANğŸ˜­  CC @jokowi  @DivHumas_Polri @FPKSDPRRI  @DPR_RI Dayak,0,0,0,0,in,1622214694839934978,1686959877216944128,FonnyMfft67,https://twitter.com/FonnyMfft67/status/1689437942467768321,AIA
Wed Aug 09 02:24:16 +0000 2023,1689100251205148672,"@timurrumit_ Mohon maaf atas ketidaknyamanannya Bapak/Ibu Pelanggan. Untuk nomor tersebut benar terdaftar nomor Telemarketing Asuransi AIA ya, bukan penipuan. Jika tidak berkenan mohon diabaikan saja.",0,0,0,0,in,620977821,1688847953635717120,HaloBCA,https://twitter.com/HaloBCA/status/1689100251205148672,AIA
Wed Aug 09 02:21:08 +0000 2023,1689099462562697216,Ada cs asuransi AIA ga? Mau nanya dong,0,0,0,0,in,989759893581193218,1689099462562697216,swgirlxz,https://twitter.com/swgirlxz/status/1689099462562697216,AIA
Tue Aug 08 05:56:11 +0000 2023,1688791193294180352,Asuransi aia ribet bet dahhhh,0,0,0,0,in,138688512,1688791193294180352,raitasariSN,https://twitter.com/raitasariSN/status/1688791193294180352,AIA
Tue Aug 08 05:41:47 +0000 2023,1688787570858344449,@bumikoksegitiga @NathPribady Klo pakai BPJS di RS swasta yah siap2 dana jg kadang dokter nya ngasih obat yg ga dicover BPJS.  Klo di RS pemerintah kaya RSCM sih aman aja. Pernah sebulan di rawat yah benar2 free. Klo bisa punya asuransi swasta dan BPJS kak. Saran gw sih AIA atau allianz,0,1,0,2,in,1289114468,1688773398963671040,pras18ter,https://twitter.com/pras18ter/status/1688787570858344449,AIA
Tue Aug 08 04:26:53 +0000 2023,1688768720787976192,inpo penutupan polis asuransi aia dong,0,0,0,0,in,1100786603406983168,1688768720787976192,xmrvel,https://twitter.com/xmrvel/status/1688768720787976192,AIA
Mon Aug 07 07:55:28 +0000 2023,1688458826406838272,"@rizalbape Halo kak, boleh kak kalau berminat tanya-tanya soal asuransi AIA yg kerja sama dengan BCAğŸ™",0,0,0,0,in,3187384572,1687028137333596160,kkaepjjanggg,https://twitter.com/kkaepjjanggg/status/1688458826406838272,AIA
Thu Aug 03 14:23:10 +0000 2023,1687106841548132353,@HaloBCA di BCA nya aman tapi nanti dilempar lagi ke pihak AIA nya. please bgt bikin susah. kenapa juga kerjasama sama asuransi gituanğŸ™‚dan kenapa data saya yang terpilih,0,2,0,0,in,1270221859208871937,1686650682659786752,bohlamjingga,https://twitter.com/bohlamjingga/status/1687106841548132353,AIA
Thu Aug 03 14:16:20 +0000 2023,1687105122361556994,"@BankBCA mending putus aja kerjasama sama AIA dari pada banyak hilang nasabah. Pengalaman nih, aku nggak ada persetujuan asuransi AIA tapi dikirim penagihan lewat wa???Mana harus ngurus pembatalan asuransi yg ribet, anj* lah",0,1,0,0,in,1270221859208871937,1659568531707695107,bohlamjingga,https://twitter.com/bohlamjingga/status/1687105122361556994,AIA
Wed Aug 02 12:59:32 +0000 2023,1686723404161052672,sp mau asuransi di aia yuk bs yukğŸ˜­ğŸ˜­ğŸ˜­ğŸ™ğŸ»ğŸ™ğŸ»ğŸ™ğŸ»,0,0,0,0,in,1274926958493622273,1686723404161052672,haechandleee,https://twitter.com/haechandleee/status/1686723404161052672,AIA
Wed Aug 02 08:44:34 +0000 2023,1686659241648824320,@hafidsuherlan Dengan senang hati kami informasikan. Tidak menyebarkan namun untuk asuransi AIA adalah perusahaan yang bekerja sama dengan BCA sehingga jika Bapak @hafidsuherlan mendapatkan informasi,0,0,0,0,in,620977821,1686650682659786752,HaloBCA,https://twitter.com/HaloBCA/status/1686659241648824320,AIA
Wed Aug 02 08:10:33 +0000 2023,1686650682659786752,"@HaloBCA selamat sore min, apakah benar dari pihak bca menyebarkan kontak nasabah ke asuransi AIA? Soalnya saya baru tau kontak nasabah bisa di share untuk keperluan seperti itu.",5,11,0,0,in,94738995,1686650682659786752,hafidsuherlan,https://twitter.com/hafidsuherlan/status/1686650682659786752,AIA
Tue Aug 01 12:50:28 +0000 2023,1686358735365775360,"@paymnent Aku pake asuransi full kak, kebetulan AIA . Bpjs aku ngk kepake sama sekali. Hehehe. Tapi kyak nya bpjs bisa kok buat perawatan itu . Jd aku ngk pernah liat harga nya per kontrol brapa . Mungkin di google ada kali yah spillÂ²an nya ğŸ¤­",0,0,0,0,in,431418842,1685907383141453824,Ditanyadia,https://twitter.com/Ditanyadia/status/1686358735365775360,AIA
Thu Jul 27 05:13:01 +0000 2023,1684431677769252864,"@BankBCA @IndonesiaAia @ojkindonesia @BPKN_RI    Ibu Sus Indarti (Yogyakarta) ditawari tabungan hari tua saat ke BCA Sudirman Yogyakarta, ternyata dimasukkan asuransi AIA. Seluruh gajinya Rp 500 rb perbulan diaetor, setelah setor selama 7 tahun hanya bisa ambil Rp 29 juta.",0,0,0,0,in,3166607858,1684431677769252864,trihastutiyk,https://twitter.com/trihastutiyk/status/1684431677769252864,AIA
Thu Jul 27 02:03:34 +0000 2023,1684383999026925568,Tolong spill dong benefit asuransi kesehatannya AIA / Prudential / Allianz Mau ikutan nih buat aku sama suami,0,4,0,0,in,1431156068231483394,1684383999026925568,huangmedium_,https://twitter.com/huangmedium_/status/1684383999026925568,AIA
Wed Jul 26 06:24:07 +0000 2023,1684087181894385667,"@HaloBCA dan AIA,  saya tidak merasa mengiyakan adanya asuransi dari AIA. Mutasi saya ada autodebet dari BCA. Tolong pemberitahuannya terkait hal tersebut, dan bagaimana penarikan dana yang sudah ter autodebet",1,3,0,0,in,478473856,1684087181894385667,nicyuda,https://twitter.com/nicyuda/status/1684087181894385667,AIA
Wed Jul 26 04:01:25 +0000 2023,1684051268388651008,"AIA Group Limited (AIA), kembali mengumumkan capaian luar biasa sebagai perusahaan dengan jumlah anggota Million Dollar Round Table (MDRT) terbesar di dunia tahun 2023. https://t.co/vy6hDAL8pb",0,0,0,0,in,1450957656,1684051268388651008,Media_Asuransi,https://twitter.com/Media_Asuransi/status/1684051268388651008,AIA
Wed Jul 26 02:17:23 +0000 2023,1684025087190773760,"@korantempo Ayolah min berita lain kan masih ada. Seperti kalian ini pura2 enggak tau aja kalau direksi, CEO dan pemegang saham di perusahaan2 asuransi seperti Prudential,AIA, Ciputra Life dll kan butuh makan.",0,0,0,0,in,4127026041,1683781154930053121,YuniAriane,https://twitter.com/YuniAriane/status/1684025087190773760,AIA
Tue Jul 25 09:52:04 +0000 2023,1683777127295111168,@HaloBCA dan asuransi AIA. Tolong telemarketernya  jgn spam telpon dong. Saya butuh kestabilan koneksi internet buat kerja. Saya bukan pelanggan dan merasa terganggu. Saya kasih tau caranya nawarin produk anda tnp mengganggu tp hire saya dulu ğŸ‘,2,8,0,0,in,1091349857120350210,1683777127295111168,voorgard990,https://twitter.com/voorgard990/status/1683777127295111168,AIA
Tue Jul 25 07:06:29 +0000 2023,1683735454682845184,"@Me_SRA Untuk nomor tersebut, benar dari pihak Telemarketing Asuransi AIA ya. Jika Bapak/Ibu Pelanggan tidak bersedia silakan diabaikan saja.",0,1,0,0,in,620977821,1683700752164982784,HaloBCA,https://twitter.com/HaloBCA/status/1683735454682845184,AIA
Mon Jul 24 12:18:01 +0000 2023,1683451465514487808,@hrdbacot Yg penting asuransi nya AIA atau Allianz lah.  Baru tau ada benefit model gini. Blm pernah sih berobat model gini. Msh yakin ketemu langsung. Dokternya periksa langsung.,0,0,0,0,in,1289114468,1683450218887659520,pras18ter,https://twitter.com/pras18ter/status/1683451465514487808,AIA
Sat Jul 22 08:30:04 +0000 2023,1682669326887948288,@txtdrlinkediin kok aku pas masukin polis ngga bisa ya? btw aku pake AIA dari asuransi kantor suami,0,1,0,0,in,1262621182542573568,1682371469744144387,fiynale,https://twitter.com/fiynale/status/1682669326887948288,AIA
Fri Jul 21 03:45:14 +0000 2023,1682235258090160128,"@36O03 Mohon maaf atas ketidaknyamanan yang Bapak/Ibu Pelanggan alami. Untuk nomor telepon tersebut merupakan nomor pihak telemarketing untuk asuransi AIA. Umumnya jika Bapak/Ibu tidak menyetujui untuk penawaran tersebut, maka Bapak/Ibu tidak terdaftar untuk asuransi AIA. (1/3) ^Nindi",0,0,0,0,in,620977821,1682216627029540864,HaloBCA,https://twitter.com/HaloBCA/status/1682235258090160128,AIA
Fri Jul 21 01:45:15 +0000 2023,1682205063136309248,"@cuboncu Dengan senang hati kami informasikan Bapak/Ibu Pelanggan. Benar ya, nomor tersebut merupakan nomor telepon Telemarketing Asuransi AIA yang bekerjasama dengan BCA.",0,0,0,0,in,620977821,1682204124560101378,HaloBCA,https://twitter.com/HaloBCA/status/1682205063136309248,AIA
Thu Jul 20 14:53:17 +0000 2023,1682040989454827520,"Sudah sy konfirmasi via Halo BCA, dari cs nya blg seperti itu, tapi di kembalikan lagi semua peraturan ke KCP masing masing BCA. kesimpulannya itu HAK setiap KCP menentukan peraturan wajib bundling dgn asuransi AIA.",0,1,0,0,in,53627150,1682040989454827520,Lukiindrawan,https://twitter.com/Lukiindrawan/status/1682040989454827520,AIA
Thu Jul 20 14:45:45 +0000 2023,1682039093344243714,"@Lukiindrawan Selamat malam, @Lukiindrawan. Mohon maaf atas ketidaknyamanannya. Pembukaan rekening di BCA tidak harus mengikuti asuransi jiwa AIA atau asuransi lainnya ya.",1,0,0,0,in,567255514,1682016936551653376,BankBCA,https://twitter.com/BankBCA/status/1682039093344243714,AIA
Thu Jul 20 13:17:42 +0000 2023,1682016936551653376,"Lucu bgt yah @BankBCA , mau buka rekening giro tapi harus bundling dgn asuransi kesehatan dan jiwa AIA, klo tidak ambil asuransi rekening tidak bisa dibuka, gitu amat cari nasabah buat asuransi ğŸ˜…",0,2,0,0,in,53627150,1682016936551653376,Lukiindrawan,https://twitter.com/Lukiindrawan/status/1682016936551653376,AIA
Thu Jul 20 10:49:18 +0000 2023,1681979588711432193,"@DivHumas_Polri Min kalau ganti pelat motor ,emang KTP dan BPKB ditinggal di samsat ya ? Ini saya jadi susah untuk ngurus hal lainnya seperti klaim asuransi AIA yg harus pakai ktp asli.",0,1,0,2,in,991938592233549824,1681951532407984128,akbaricaksono,https://twitter.com/akbaricaksono/status/1681979588711432193,AIA
Tue Jul 18 06:43:07 +0000 2023,1681192858492235776,@Alexkurkur Dengan senang hati kami informasikan. Untuk nomor telepon tersebut benar terdaftar pada sistem kami dan merupakan nomor telepon telemarketing AIA ya Bapak @Alexkurkur. Untuk asuransi tersebut tidak wajib sehingga jika Bapak tidak bersedia dapat diabaikan saja. ğŸ™‚ Tks ^^Hira,0,1,0,0,in,620977821,1681191815381422081,HaloBCA,https://twitter.com/HaloBCA/status/1681192858492235776,AIA
Sun Jul 16 14:54:46 +0000 2023,1680591813755961344,"@mimapipu Halo kak, Jemmy dari AIA hadirr.   Asuransi top markotop adalah asuransi yang paling cocok dengan situasi dan kondisi kakak dari segala aspek.   Untuk penawaran dari AIA dan pertanyaan2 lainnya bisa DM Jemmy ya kak. ğŸ˜ƒ",0,0,0,0,in,1671055241327022081,1680238367735422976,jemmy_gnw,https://twitter.com/jemmy_gnw/status/1680591813755961344,AIA
Sun Jul 16 11:42:33 +0000 2023,1680543439685910528,"@jaaaaaarrrr Asuransi kesehatan AIA saat ini cuma tersedia 1 produk aja, Premier Hospital and Surgical Extra. Keluarga saya ambil plan yg cover Indonesia, kelas kamar 1 bedroom + 1 bathroom.  Benefit yg paling saya suka: bisa pilih opsi jadi member AIA Vitality ğŸ˜ https://t.co/8D7fnetu9D",0,0,0,0,in,193596724,1680402879281250304,SemEinhart,https://twitter.com/SemEinhart/status/1680543439685910528,AIA
Sat Jul 15 09:36:13 +0000 2023,1680149256454438912,Asosiasi Asuransi Jiwa Indonesia mengucapkan selamat ulang tahun ke-27 untuk AIA Indonesia ğŸ‰  Semoga semakin dicintai masyarakat Indonesia ğŸ«¶âœ¨  #aaji #asuransijiwa #pahamiperlindunganmu #transformasilampauibatas #mariberasuransi https://t.co/IEwBYg6Zzi,0,0,0,0,in,1405025389789859840,1680149256454438912,aaji_official,https://twitter.com/aaji_official/status/1680149256454438912,AIA
Wed Jul 12 17:15:10 +0000 2023,1679177594447753216,"@pace_y0 Dengan senang hati, kami infokan kpd Bapak/Ibu Pelanggan, untuk nomor tersebut adalah benar dari pihak Telemarketing asuransi AIA. Apabila tidak berkenan silakan ditolak ya. ğŸ™‚ Tks ^Bram",0,1,0,0,in,620977821,1294523309510422529,HaloBCA,https://twitter.com/HaloBCA/status/1679177594447753216,AIA
Wed Jul 12 11:16:23 +0000 2023,1679087301077635072,"@pace_y0 @KillHady Dengan senang hati, kami infokan kpd Bapak/Ibu Pelanggan, untuk nomor tersebut adalah benar dari pihak Telemarketing asuransi AIA.  #TolakDenganAnggun jika ada pihak yang meminta data pribadi perbankan, seperti nomor kartu ATM, PIN, kode OTP dan kode CVC/CVV. BCA (1/2) ^Bram",0,0,0,0,in,620977821,1294523309510422529,HaloBCA,https://twitter.com/HaloBCA/status/1679087301077635072,AIA
Tue Jul 11 15:47:20 +0000 2023,1678793099479498752,@promo2shopee Mohon maaf atas ketidaknyamanannya. Jika yg dimaksud nomor 02150864500 maka untuk nomor telepon tsb merupakan nomor resmi Telemarketing penawaran asuransi AIA ya. Jika Bpk/Ibu Pelanggan tidak berkenan maka dapat diabaikan ya.  #TolakDenganAnggun jika ada pihak yang (1/3) ^Erwan,0,0,0,0,in,620977821,1678733233981390849,HaloBCA,https://twitter.com/HaloBCA/status/1678793099479498752,AIA
Mon Jul 10 09:52:50 +0000 2023,1678341500466520065,"Pejuang refund Komunitas Korban Asuransi AXA Mandiri, AIA dan Prudential. Tetap Solid dan semangat selalu. Pantang mundur sebelum refund full. https://t.co/72cUIU4u38",0,0,0,1,in,1641054434926133248,1678341500466520065,EdiPurwantokka,https://twitter.com/EdiPurwantokka/status/1678341500466520065,AIA
Thu Jul 06 07:46:55 +0000 2023,1676860259896532994,"Kredibilitas saja Tidak Cukup Mau dan Mampu Selesaikan permasalahan Konsumen dgn Asuransi Prudential, AXA, AIA dan lainnya Ada â‰ï¸  Presiden pada OJK  Masyarakat Minta uangnya Balikâ—  @jokowi @DPR_RI @ojkindonesia  Kamis Singapura Malaysia  Cium Denise https://t.co/pDWss21gRP",0,0,0,0,in,1028997916906516480,1676860259896532994,sli1968,https://twitter.com/sli1968/status/1676860259896532994,AIA
Wed Jul 05 13:17:14 +0000 2023,1676580998644121605,"@goeswiraa Mohon maaf atas ketidaknyamanannya Bpk/Ibu Pelanggan bahwa untuk berhenti asuransi AIA, mohon kesediaan Bapak/Ibu dapat langsung konfirmasi ke AIA di nomor telepon 1500980 atau melalui email dengan alamat id.customer@aia.com ya. Mhn maaf tdk bisa kami pastikan. (1/3) ^Alif",0,0,0,0,in,620977821,1676580453191675904,HaloBCA,https://twitter.com/HaloBCA/status/1676580998644121605,AIA
Wed Jul 05 13:15:04 +0000 2023,1676580453191675904,@HaloBCA halo pegawai saya tadi terkejut. Tiba2 dia ada 2 transaksi di mbanking bca pendebetan dari AIA dia padahal tidak pernah ikut asuransi itu atau ditawari. Itu bagaimana ya? Apa bisa dikembalikan uangnya? Kasian pegawai saya ini https://t.co/JhJxT6LUyo,9,22,0,2,in,1258568362067517440,1676580453191675904,goeswiraa,https://twitter.com/goeswiraa/status/1676580453191675904,AIA
Tue Jul 04 12:16:15 +0000 2023,1676203267079143424,"@erichaaad @BankBCA Dengan senang hati kami informasikan, Ibu @erichaaad, tidak ya. Nomor telepon tersebut adalah salah satu nomor telepon Telemarketing BCA untuk penawaran asuransi AIA ya.  #TolakDenganAnggun jika ada pihak yang meminta data pribadi perbankan, seperti nomor kartu ATM, (1/3) ^Tian",0,0,0,0,in,620977821,1676202394030571522,HaloBCA,https://twitter.com/HaloBCA/status/1676203267079143424,AIA
Fri Jun 30 11:29:44 +0000 2023,1674742006101463040,@SemEinhart @al1eeff @BankBCA Betul jg ya..mknya kl ada asuransi kyk AIA lg..lgs saya tolak jg temen2 gg blh ikut asuransi mending di tabung punya duit..,0,0,0,0,in,1289440105938087937,1659568531707695107,YoyokSugiono2,https://twitter.com/YoyokSugiono2/status/1674742006101463040,AIA
Thu Jun 29 19:40:30 +0000 2023,1674503124630016001,"@yanuar2501 Selamat pagi, @yanuar2501. Kerja sama BCA dengan AIA hanya sebatas penawaran produk dan produk asuransi tersebut bukan merupakan produk BCA. Jika tidak berkenan dapat diabaikan ya.",0,0,0,0,in,567255514,1659514197175341059,BankBCA,https://twitter.com/BankBCA/status/1674503124630016001,AIA
Thu Jun 29 15:46:25 +0000 2023,1674444216364306432,"Masih bingung milih mana yang kira-kira cocok buat kebutuhan kamu? Konsultasikan dengan penasihat asuransi yg profesional &amp  terpercaya.  Mau konsultasi ke saya juga boleh, DM terbuka kok.  Salah 1 produk unggulan yg ga ada di kompetitor:  AIA Vitality âœŒï¸ğŸ»  https://t.co/8D7fneu1Zb",0,1,0,0,in,193596724,1674444194784616449,SemEinhart,https://twitter.com/SemEinhart/status/1674444216364306432,AIA
Thu Jun 29 15:25:32 +0000 2023,1674438959953506305,"@BankBCA Jujur iya, gw kalo masuk bank BCA risih banget kalo ditawarin asuransi AiA, salesnya maksa bgt.",0,1,0,0,in,324179296,1659514197175341059,yanuar2501,https://twitter.com/yanuar2501/status/1674438959953506305,AIA
Thu Jun 29 08:45:36 +0000 2023,1674338313803812864,"@LasronSIM Selamat sore, @LasronSIM. Jika yang Anda maksud asuransi AIA, maka terkait hal tersebut kami sarankan Anda bisa menghubungi melalui telepon di nomor 1500980 untuk proses lebih lanjut atau email ke id.customer@aia.com",0,0,0,0,in,567255514,1659568753003331584,BankBCA,https://twitter.com/BankBCA/status/1674338313803812864,AIA
Wed Jun 28 09:23:08 +0000 2023,1673985372957863936,bingung mau ambil asuransi pridential/AIA,0,0,0,0,in,1446297095376228353,1673985372957863936,urpiscesboy,https://twitter.com/urpiscesboy/status/1673985372957863936,AIA
Wed Jun 28 06:32:41 +0000 2023,1673942475579457537,"@Masinang Monggo kalau mau window shopping ke AIA.. Soal benefit hospital sebenarnya ya beda jauh2 amat antar company asuransi.  Di AIA, yg paling gw demen dan ga ada di tempat lain, ada opsi buat jadi member AIA Vitality sih https://t.co/8D7fneu1Zb",0,0,0,0,in,193596724,1673920881893187585,SemEinhart,https://twitter.com/SemEinhart/status/1673942475579457537,AIA
Wed Jun 28 06:23:12 +0000 2023,1673940088731078656,"@Masinang Gw biasanya bantuin calon klien untuk bikin tabel komparasi benefit masing-masing produk. Biar mempermudah, mana yg sekiranya cocok.  Coba window shopping aja ke beberapa produk asuransi. Mau nyoba penawaran dari AIA ya silakan, lanjut DM aja  https://t.co/A6hLPK76B3",0,1,0,0,in,193596724,1673920881893187585,SemEinhart,https://twitter.com/SemEinhart/status/1673940088731078656,AIA
Tue Jun 27 05:02:19 +0000 2023,1673557347329867777,Sulitnya untuk Klaim Asuransi AIA https://t.co/NvwfR3oN64,0,0,0,0,in,1117529034,1673557347329867777,MediaKonsumenID,https://twitter.com/MediaKonsumenID/status/1673557347329867777,AIA
Sat Jun 24 15:56:58 +0000 2023,1672634933888823296,"Hari ini aku dengar statement dari org lain, asuransi AIA ini spek premium, harga premium, cocoknya untuk orang kalangan atas.   Well, ga salahh, tapi  bukan berarti benar juga yee kak hahaha  AIA benernya memang spek premium, but harga merakyat kok. Situ yang blum tau caranyağŸ˜",0,0,0,0,in,1671055241327022081,1672634933888823296,jemmy_gnw,https://twitter.com/jemmy_gnw/status/1672634933888823296,AIA
Fri Jun 23 17:27:21 +0000 2023,1672295289846366212,@tteokcheek kacamata boleh klaim asuransi AIA,0,1,0,0,in,769443332023984128,1672294751108993024,eviltwain,https://twitter.com/eviltwain/status/1672295289846366212,AIA
Fri Jun 23 09:13:11 +0000 2023,1672170930137874432,"@j3n0_lee @BankBCA Bapak/Ibu Pelanggan saya ingin membantu ralat informasi, sesuai dengan gambar yang dikirimkan maka nomor tersebut adalah nomor telepon outbound call penjualan Asuransi AIA (Bancassurance) via channel Telemarketing BCA. Telemarketing Asuransi merupakan Telemarketing (1/3) ^Ivon",0,0,0,0,in,620977821,1672141321413484544,HaloBCA,https://twitter.com/HaloBCA/status/1672170930137874432,AIA
Wed Jun 21 11:54:03 +0000 2023,1671486635459108864,"@harusodaa Mohon maaf atas ketidaknyamanan yang Bapak/Ibu Pelanggan alami. Untuk nomor telepon tersebut benar merupakan nomor pihak telemarketing untuk penawaran asuransi AIA ya.  Jika yang dimaksud ingin mengetahui apakah sudah terdaftar polis atau belum, (1/3) ^Nindi",0,0,0,0,in,620977821,1671481558203789312,HaloBCA,https://twitter.com/HaloBCA/status/1671486635459108864,AIA
Wed Jun 21 11:46:23 +0000 2023,1671484706293153794,@DSiguing Merupakan nomor telepon telemarketing asuransi merupakan Telemarketing BCA untuk penawaran asuransi AIA ya Bapak/Ibu Pelanggan. ğŸ™‚ Tks ^Altaf,0,0,0,0,in,620977821,1336850475484758017,HaloBCA,https://twitter.com/HaloBCA/status/1671484706293153794,AIA
Wed Jun 21 11:45:03 +0000 2023,1671484373491929088,"@DSiguing @febryfeb Nomor telepon tersebut merupakan telemarketing asuransi merupakan Telemarketing BCA untuk penawaran asuransi AIA.  Jika ada hal lain yang ingin ditanyakan, Bapak/Ibu Pelanggan bisa DM/Mention kembali ke Twitter @HaloBCA, WhatsApp Halo BCA 08111500998 atau (1/2) ^Altaf",0,1,0,0,in,620977821,1336850475484758017,HaloBCA,https://twitter.com/HaloBCA/status/1671484373491929088,AIA
Wed Jun 21 03:15:05 +0000 2023,1671356034236174337,"kocak bgt ini orang AIA dari BCA nelpon ngomongnya ga berentiâ€ nawarin asuransi gada nanya mau/ngganya. Kita angkat tlpnnya disangka mau ikutan aja tbtb di minta alamat, ya gua tegesin lg dong kalo gamau ikut, pas udh dibilang gamau nanya kenapa trs maksa pula",0,1,0,0,in,227620317,1671356034236174337,lifiadl,https://twitter.com/lifiadl/status/1671356034236174337,AIA
Wed Jun 21 02:39:13 +0000 2023,1671347006642753537,"@argafagan Dengan senang hati kami informasikan Bapak @argafagan. Untuk nomor tersebut benar dari pihak Telemarketing Asuransi AIA, jika Bapak tidak berkenan silakan diabaikan saja.  Jika ada hal lain yang ingin ditanyakan, Bapak bisa DM/Mention kembali ke twitter @HaloBCA, (1/2) ^Anin",0,0,0,0,in,620977821,1671346316772003840,HaloBCA,https://twitter.com/HaloBCA/status/1671347006642753537,AIA
Tue Jun 20 23:26:15 +0000 2023,1671298447029469184,@jogmfs Just hit me up di DM kalau mau tanya-tanya asuransi AIA. Atau mau diskusi secara general asuransi yg sesuai budget dan kebutuhan hayuk ajaaa,0,0,0,1,in,193596724,1671152588392398850,SemEinhart,https://twitter.com/SemEinhart/status/1671298447029469184,AIA
Tue Jun 20 19:49:54 +0000 2023,1671243998042939392,"@Dik51275686 Sebagai informasi, kerja sama BCA dengan AIA hanya sebatas penawaran produk dan produk asuransi tersebut bukan merupakan produk BCA. Pastikan hanya berinteraksi dengan akun resmi Bank BCA yang verified. (2/2)",0,1,0,1,in,567255514,1666775548281110529,BankBCA,https://twitter.com/BankBCA/status/1671243998042939392,AIA
Tue Jun 20 19:49:48 +0000 2023,1671243975892807681,"@Dik51275686 Selamat pagi, @Dik51275686. Jika Anda mengalami kendala pada asuransi AIA, kami sarankan Anda menghubungi pihak AIA di nomor 1500980 atau email ke id.customer@aia.com ya. (1/2)",0,0,0,0,in,567255514,1666775548281110529,BankBCA,https://twitter.com/BankBCA/status/1671243975892807681,AIA
Tue Jun 20 14:58:28 +0000 2023,1671170658037010432,"@worksfess Kalau mau window shopping produk asuransi kesehatan dari AIA, yok DM aja. Bebas mau tanyaÂ² juga ga masalah. Mau gw bantu bikin komparasi dari beberapa produk/company ya hayuklah.. Gw mah santuy, bukan tipikal agen yg kejar target ğŸ˜ğŸ‘Œ https://t.co/A6hLPK76B3",0,0,0,0,in,193596724,1671163744163094528,SemEinhart,https://twitter.com/SemEinhart/status/1671170658037010432,AIA
Tue Jun 20 05:14:47 +0000 2023,1671023769828343810,"Setelah lama gak nambah asuransi, di 2021 pas mau lahiran anak ditawarin asuransi santunan tunai rawat inap dari AIA.  Preminya 350 rb aja sebulan, manfaatnya santunan 500 rb perhari untuk rawat inap",0,1,0,0,in,1265795461,1671023748340928512,SaimaMPManurung,https://twitter.com/SaimaMPManurung/status/1671023769828343810,AIA
Tue Jun 20 00:17:40 +0000 2023,1670948997085933569,@CIMBNiaga @Adelliavadelta @ipw86wijaya @iwi_tiwi @CakSar_ @agoezz_ally89 @Ningsihatu90966 @Zulaikha_700 @Andreee7894 @Herlina231173 @meliyanadantis Mana Tanggung jawab cimb niaga? Sudah menjerumuskan saya ke AIA. Bilangnya tabungan 7 tahun berbonus pertanggungan. Taunya dimasukan ke Asuransi unitlink,0,1,0,0,in,1659146995536371714,1670723298639114241,SonyTH291325,https://twitter.com/SonyTH291325/status/1670948997085933569,AIA
Mon Jun 19 21:37:04 +0000 2023,1670908580604817408,"@Arif85052414 Sebagai informasi, kerja sama BCA dengan AIA hanya sebatas penawaran produk dan produk asuransi tersebut bukan merupakan produk BCA. Pastikan hanya berinteraksi dengan akun resmi Bank BCA yang verified. (2/2)",0,0,0,0,in,567255514,1666775816431349766,BankBCA,https://twitter.com/BankBCA/status/1670908580604817408,AIA
Mon Jun 19 21:36:58 +0000 2023,1670908554881163264,"@Arif85052414 Selamat pagi, @Arif85052414. Jika Anda mengalami kendala pada asuransi AIA, kami sarankan Anda menghubungi pihak AIA di nomor 1500980 atau email ke id.customer@aia.com ya. (1/2)",0,0,0,0,in,567255514,1666775816431349766,BankBCA,https://twitter.com/BankBCA/status/1670908554881163264,AIA
Sat Jun 17 05:12:52 +0000 2023,1669936123131613184,"@SemEinhart @AlvinRadityaa @BigAlphaID Ini harus ambil Asuransi AIA buat bisa pake aplikasi AIA Vitality nya bang? Pliss tutorial caranya, mau jg",0,1,0,0,in,1364873472569004032,1669268809159675910,ihsan_rahman001,https://twitter.com/ihsan_rahman001/status/1669936123131613184,AIA
Fri Jun 16 11:50:22 +0000 2023,1669673771563880449,"@JeslinFany Dengan senang hati kami informasikan Ibu @JeslinFany. Benar telemarketing asuransi merupakan Telemarketing BCA, untuk penawaran Asuransi AIA.  #TolakDenganAnggun jika ada pihak yang meminta data pribadi perbankan, seperti nomor kartu ATM, PIN, kode OTP dan kode (1/3) ^Altaf",0,1,0,0,in,620977821,1669672335107067904,HaloBCA,https://twitter.com/HaloBCA/status/1669673771563880449,AIA
Fri Jun 16 00:30:09 +0000 2023,1669502588742684673,"Mengenal Asuransi AIA: Asuransi Kesehatan, Asuransi Jiwa, dan Cara Klaim https://t.co/77mGw52mXt https://t.co/flfk3fXM72",0,0,0,1,in,2985319058,1669502588742684673,cermati_ID,https://twitter.com/cermati_ID/status/1669502588742684673,AIA
Thu Jun 15 05:04:37 +0000 2023,1669209271861645314,"@musthafayosha Dengan senang hati kami informasikan Bapak @musthafayosha. Untuk nomor tersebut benar dari Telemarketing Asuransi AIA, jika Bapak tidak berkenan silakan diabaikan saja ya.  Jika ada hal lain yang ingin ditanyakan, Bapak bisa DM/Mention kembali ke twitter @HaloBCA, (1/2) ^Anin",0,0,0,0,in,620977821,1669208592191471616,HaloBCA,https://twitter.com/HaloBCA/status/1669209271861645314,AIA
Wed Jun 14 13:22:59 +0000 2023,1668972302103613440,@tasyalen Nomor telepon 021-304-361-00 adalah dari pihak telemarketing AIA yang menawarkan produk asuransi ya. Jika kamu tidak berminat maka silakan abaikan atau tolak ketika dihubungi ya. (1/2),0,0,0,0,in,17824435,1668930244894654465,GoodLifeBCA,https://twitter.com/GoodLifeBCA/status/1668972302103613440,AIA
Wed Jun 14 00:37:10 +0000 2023,1668779576863100930,"@worksfess di kantor ku pernah sekali kayak gitu, baru seminggu masuk terus resign karena istrinya akan melahirkan di sulawesi  padahal gaji 1,7 kali UMR dapat BPJS lengkap sama dapat asuransi swasta dari AIA",0,1,0,0,in,1349979792,1668779036569645058,_nikosaputra,https://twitter.com/_nikosaputra/status/1668779576863100930,AIA
Tue Jun 13 15:04:39 +0000 2023,1668635500733960195,"@_likeswanswan Mohon maaf atas ketidaknyamanannya. Silakan Bapak/Ibu Pelanggan informasikan nomor telepon yg menghubungi agar kami bantu cek lebih lanjut. Apakah disebutkan terkait asuransi? Jika benar, apakah Asuransi BCA Life, AIA, atau lainnya? Tks ğŸ™‚ ^Tian",0,1,0,0,in,620977821,1668634960209809408,HaloBCA,https://twitter.com/HaloBCA/status/1668635500733960195,AIA
Tue Jun 13 05:30:38 +0000 2023,1668491045091565568,"@minguksenior Mohon maaf atas ketidaknyamanannya Bapak/Ibu Pelanggan. Untuk nomor telepon tersebut merupakan nomor telepon Telemarketing Asuransi AIA. Jika Bapak/Ibu tidak berkenan maka dapat diabaikan saja. Kendala yang Bapak/Ibu alami menjadi bahan evaluasi kami, guna (1/5) ^^Fiza",0,0,0,0,in,620977821,1668489714280837120,HaloBCA,https://twitter.com/HaloBCA/status/1668491045091565568,AIA
Mon Jun 12 09:42:04 +0000 2023,1668191932886192134,"@sypnii_ Dengan senang hati kami informasikan Bapak/Ibu Pelanggan. Benar, untuk nomor tersebut merupakan nomor pihak Telemarketing BCA untuk penawaran produk Asuransi AIA ya.  Jika ada hal lain yang ingin ditanyakan, Bapak/Ibu bisa DM/Mention kembali ke Twitter @HaloBCA, (1/2) ^Nindi",0,0,0,0,in,620977821,1668191243371941888,HaloBCA,https://twitter.com/HaloBCA/status/1668191932886192134,AIA
Mon Jun 12 06:57:45 +0000 2023,1668150577963073537,"@rico_rpp21 Mohon maaf atas ketidaknyamanannya, berdasarkan tampilan gambar yang Bapak Rico kirimkan, untuk nomor telepon 02150864500 yang menghubungi Bapak tersebut merupakan nomor telepon outbound call penjualan Asuransi AIA (Bancassurance) via channel Telemarketing BCA. (1/3) ^Hilwa",0,0,0,0,in,620977821,1668149069280350215,HaloBCA,https://twitter.com/HaloBCA/status/1668150577963073537,AIA
Sun Jun 11 19:17:08 +0000 2023,1667974262207176705,"@YoyokSugiono2 Selamat pagi, @YoyokSugiono2. Jika mengalami kendala pada asuransi AIA, kami sarankan Anda menghubungi pihak AIA di nomor 1500980 atau email ke id.customer@aia.com ya.",0,0,0,0,in,567255514,1659568531707695107,BankBCA,https://twitter.com/BankBCA/status/1667974262207176705,AIA
Sun Jun 11 17:46:47 +0000 2023,1667951525518532608,@BankBCA Klo ikut asuransi aia pas berenti di tengah jln.uang tdk bisa di cairkan..aleas hangus.,1,5,0,0,in,1289440105938087937,1659568531707695107,YoyokSugiono2,https://twitter.com/YoyokSugiono2/status/1667951525518532608,AIA
Sat Jun 10 20:04:20 +0000 2023,1667623754258874368,"@hidamari05 Sebagai informasi, kerja sama BCA dengan AIA hanya sebatas penawaran produk dan produk asuransi tersebut bukan merupakan produk BCA. (2/2)",0,0,0,0,in,567255514,1667602609677676544,BankBCA,https://twitter.com/BankBCA/status/1667623754258874368,AIA
Sat Jun 10 20:04:14 +0000 2023,1667623728367419393,"@hidamari05 Selamat pagi, @hidamari05. Mohon maaf atas ketidaknyamanannya, jika kendala pada asuransi AIA, kami sarankan Anda menghubungi pihak AIA di nomor 1500980 atau email ke id.customer@aia.com ya. (1/2)",0,0,0,0,in,567255514,1667602609677676544,BankBCA,https://twitter.com/BankBCA/status/1667623728367419393,AIA
Sat Jun 10 18:40:19 +0000 2023,1667602609677676544,"AIA, asuransi penipu. Waktu klaim malah duit gue belasan juta dipotong. Komplen via email jawabannya normatif, terus seolah2 nasabah yang salah. Ribuan orang ditipu, tapi masih nyalahin nasabah. Dasar ğŸ·. Krn BCA masih jg dgn AIA, makanya rek BCA gue buat numpang lewat gaji doang",0,3,0,0,in,23453849,1667602609677676544,hidamari05,https://twitter.com/hidamari05/status/1667602609677676544,AIA
Thu Jun 08 14:38:38 +0000 2023,1666817012784594945,@satrioadiwira Percayalah sponsor madrid emirates lebih bagus dari pada aia asuransi kesehatan yg pernah kena scandal dana WKWKWKW,0,1,0,0,in,2801067998,1666724260117872642,Anto___0211,https://twitter.com/Anto___0211/status/1666817012784594945,AIA
Thu Jun 08 11:54:09 +0000 2023,1666775618711883778,"@vitanov27 Mohon maaf atas ketidaknyamanan yg Ibu @vitanov27 alami. Terkait hal tersebut, silakan informasikan nomor telepon yang menghubungi Ibu agar kami bantu cek dan mohon informasikan asuransi apa? Apakah AIA atau lainnya?  Jika ada hal lain yang ingin ditanyakan, Ibu (1/2) ^Anin",0,0,0,0,in,620977821,1666774960885608448,HaloBCA,https://twitter.com/HaloBCA/status/1666775618711883778,AIA
Wed Jun 07 13:49:29 +0000 2023,1666442257418051584,"@milkandchocopie Dengan senang hati kami informasikan. Benar, Telemarketing Asuransi merupakan Telemarketing BCA, untuk penawaran Asuransi AIA ya Bapak/Ibu Pelanggan. ğŸ™‚ Tks ^Altaf",0,0,0,0,in,620977821,1666344390732943360,HaloBCA,https://twitter.com/HaloBCA/status/1666442257418051584,AIA
Wed Jun 07 07:26:46 +0000 2023,1666345942235377665,"@milkandchocopie Dengan senang hati kami informasikan. Benar, Telemarketing Asuransi merupakan Telemarketing BCA, untuk penjualan Asuransi AIA ya Bapak/Ibu Pelanggan. :) Tks ^Altaf",0,1,0,0,in,620977821,1666344390732943360,HaloBCA,https://twitter.com/HaloBCA/status/1666345942235377665,AIA
Tue Jun 06 02:38:32 +0000 2023,1665911016281235456,"PT AIA Financial (AIA), bersama PT Bank Central Asia Tbk (BCA) meluncurkan produk asuransi bernama Maxi Infinite Link Assurance Plus atau disingkat MILA Plus,Â  sebagai solusi proteksi jiwa yang komprehensif bagi nasabah premium. Selengkapnya https://t.co/EQ5q9cTqit",0,0,0,0,in,1169861863426818048,1665911016281235456,theiconomic,https://twitter.com/theiconomic/status/1665911016281235456,AIA
Mon Jun 05 14:17:44 +0000 2023,1665724590486691840,@HaloBCA Malam min cara batalinn asuransi AIA hubungin kemana ya...,2,13,0,0,in,1128617190490394629,623704040380088322,RamadhanDwiPu17,https://twitter.com/RamadhanDwiPu17/status/1665724590486691840,AIA
Sat Jun 03 11:44:21 +0000 2023,1664961214617911296,"@worksfess kacamata, tp itupun di tempatku utk kacamata udah ada budget khsusnya jg tiap tahun. Trus (amit2) rawat inap udah ditanggung asuransi AIA dpr dari prushaan jg. Jd uang medical klo gak kepake ya alhamdulillah, artinya kita sehat2 aja.",0,0,0,0,in,1172338924686995456,1664673228219105280,its_me_rna,https://twitter.com/its_me_rna/status/1664961214617911296,AIA
Wed May 31 05:38:44 +0000 2023,1663782039311777792,"@szadumppp Oke2 aja asal sesuai kebutuhan dan budget. Mau compare atau window shopping asuransi lain ya boleh. Siapa tahu minat pertimbangkan AIA, sok atuh DM aja https://t.co/8D7fneu1Zb",0,0,0,0,in,193596724,1663772914653749249,SemEinhart,https://twitter.com/SemEinhart/status/1663782039311777792,AIA
Sun May 28 22:54:59 +0000 2023,1662955658340339713,"#belifeplanner #siapnaiklevelPA   #HealthierLongerBetterLives  Jadi Director dalam 3 Tahun, Emang Bisa? Kamu bisa menjadi Pemimpin bisnis asuransi dalam waktu 3 tahun!  Ayo jadi bagian dari Future Leader Life Planner AIA!  https://t.co/ABtJTSeDjo",0,0,0,0,in,41835751,1662955658340339713,taztetaz,https://twitter.com/taztetaz/status/1662955658340339713,AIA
Fri May 26 04:59:48 +0000 2023,1661960300650962945,@sunfullsmile @AIA_Asuransi prefix atau tambahan angka apapun di depan) dan nomor WhatsApp BCA 08111500998 dengan centang hijau. BCA tidak pernah meminta data pribadi nasabah yang bersifat rahasia untuk alasan apapun dengan cara mengisi link atau sarana lainnya. https://t.co/T39MjfNBoS . :) Tks (2/2) ^Giyo,0,0,0,0,in,620977821,1661958844195688449,HaloBCA,https://twitter.com/HaloBCA/status/1661960300650962945,AIA
Fri May 26 04:59:47 +0000 2023,1661960299459792896,"@sunfullsmile @AIA_Asuransi Terima kasih kembali. Sebagai informasi data pribadi perbankan ibarat kunci untuk akses rekening BCA milik Bapak/Ibu. Jika ada yang minta, langsung #TolakDenganAnggun agar Bapak/Ibu Pelanggan dan sekitar terhindar dari penipuan. Nomor Halo BCA hanya 1500888 (tanpa (1/2) ^Giyo",0,0,0,0,in,620977821,1661958844195688449,HaloBCA,https://twitter.com/HaloBCA/status/1661960299459792896,AIA
Fri May 26 04:56:48 +0000 2023,1661959548612272129,@sunfullsmile @AIA_Asuransi WhatsApp Halo BCA 08111500998 atau menghubungi via aplikasi haloBCA. Tks :) (2/2) ^Anin,0,1,0,0,in,620977821,1661958844195688449,HaloBCA,https://twitter.com/HaloBCA/status/1661959548612272129,AIA
Fri May 26 04:56:48 +0000 2023,1661959545961467904,"@sunfullsmile @AIA_Asuransi Dengan senang hati kami informasikan Bapak/Ibu Pelanggan. Terkait hal tersebut, kami sarankan Bapak/Ibu hubungi pihak AIA 1500980 ya agar dibantu cek lebih lanjut.  Jika ada hal lain yang ingin ditanyakan, Bapak/Ibu bisa DM/Mention kembali ke twitter @HaloBCA, (1/2) ^Anin",0,1,0,0,in,620977821,1661958844195688449,HaloBCA,https://twitter.com/HaloBCA/status/1661959545961467904,AIA
Fri May 26 04:54:00 +0000 2023,1661958844195688449,asuransi AIA ada produk travelnya ga ya? @AIA_Asuransi @HaloBCA,4,11,0,0,in,1447348857373818882,1661958844195688449,sunfullsmile,https://twitter.com/sunfullsmile/status/1661958844195688449,AIA
Thu May 25 03:12:51 +0000 2023,1661571001703096321,"@suksesnbahagia Kami ralat informasinya, untuk nomor tersebut nomor Telemarketing Asuransi AIA ya Bapak/Ibu Pelanggan, jika tidak berkenan silakan diabaikan, karena sifatnya hanya penawaran saja. ğŸ™‚ Tks ^Anggi",0,0,0,0,in,620977821,1661269952706514944,HaloBCA,https://twitter.com/HaloBCA/status/1661571001703096321,AIA
Tue May 23 15:00:58 +0000 2023,1661024429403688962,@allyavyn Karena ga tahu kalau ada cara lain buat nyadarin orang akan kebutuhan asuransi. Padahal ada banyak lain yg lebih fun dan edukatif. Kalau saya di AIA justru juga aktif ngajakin jaga pola hidup sehat gara-gara fitur Vitality https://t.co/8D7fneu1Zb,0,0,0,0,in,193596724,1660999556681850880,SemEinhart,https://twitter.com/SemEinhart/status/1661024429403688962,AIA
Tue May 23 10:25:44 +0000 2023,1660955163505606657,"@raniisitepu Dengan senang hati kami informasikan informasikan bahwa untuk nomor telepon yang diinformasikan adalah benar nomor Telemarketing BCA untuk asuransi AIA, apabila Ibu @raniisitepu tertarik dengan program atau penawaran yang dilakukan oleh pihak telemarketing tersebut (1/4) ^Zayn",0,0,0,0,in,620977821,1660954604086136832,HaloBCA,https://twitter.com/HaloBCA/status/1660955163505606657,AIA
Sat May 20 14:25:17 +0000 2023,1659928282727608320,Asuransi kesehatan bagusan allianz apa aia ya?,1,8,1,0,in,244784581,1659928282727608320,janneulue,https://twitter.com/janneulue/status/1659928282727608320,AIA
Sat May 20 13:44:31 +0000 2023,1659918025108377600,Berikut adalah provider asuransi kesehatan swasta yang paling banyak digunakan di Indonesia: Prudential: 52% Manulife: 21% AIA: 20% Allianz: 20% AXA: 18% Sinarmas: 13% FWD: 9% BNI Life: 5%,0,1,1,1,in,961388368889196544,1659917570789756931,kimnamgil80,https://twitter.com/kimnamgil80/status/1659918025108377600,AIA
Fri May 19 16:02:00 +0000 2023,1659590237423833088,"@KalisMaleta Kalau mau mempertimbangkan asuransi kesehatan dari AIA, bisa DM saya. Ntar coba kita diskusi produk seperti apa yg cocok sesuai kebutuhan dan budgetnya. https://t.co/8D7fneu1Zb",0,0,0,0,in,193596724,1659543173365108737,SemEinhart,https://twitter.com/SemEinhart/status/1659590237423833088,AIA
Fri May 19 08:56:59 +0000 2023,1659483277357637635,duit asuransi AIA itu bisa balik ga sih??,0,0,0,0,in,1306635028286193664,1659483277357637635,gagagabisatidur,https://twitter.com/gagagabisatidur/status/1659483277357637635,AIA
Fri May 19 08:47:31 +0000 2023,1659480893512380418,"@0rupiah Untuk nomor tersebut benar dari pihak Telemarketing Asuransi AIA, jika Bapak/Ibu Pelanggan tidak bersedia silakan diabaikan saja.  Jika ada hal lain yang ingin ditanyakan, Bapak/Ibu bisa DM/Mention kembali ke twitter @HaloBCA, WhatsApp Halo BCA 08111500998 atau (1/2) ^Anin",0,0,0,0,in,620977821,1659480155180662784,HaloBCA,https://twitter.com/HaloBCA/status/1659480893512380418,AIA
Fri May 19 08:03:03 +0000 2023,1659469703142871040,"Perusahaan asuransi multinasional, AIA Financial mencatatkan jumlah pendapatan Rp11,9 triliun sepanjang 2022 https://t.co/V9DCqSzOYq",0,0,0,1,in,118646322,1659469703142871040,Bisniscom,https://twitter.com/Bisniscom/status/1659469703142871040,AIA
Thu May 18 12:08:58 +0000 2023,1659169201771380740,"@crestcentmoon Asuransi murni tanpa embel-embel investasi. Seiring tambah usia, risiko sakit makin tinggi, makin mahal preminya.  Saya agen AIA, dan saat ini untuk askes hanya tersedia PAYDI. Kalau tertarik, kita bisa jadwalkan sesi konsultasi. https://t.co/8D7fneu1Zb",0,0,0,0,in,193596724,1659155578860732417,SemEinhart,https://twitter.com/SemEinhart/status/1659169201771380740,AIA
Thu May 18 04:41:13 +0000 2023,1659056521920258049,"@convomf Bca, tapi kalo ada penawaran asuransi dari AIA mending pas ditelfon tolak yaa saranku aja",0,1,0,0,in,1381720458819592194,1659054992496656385,anothraccmel,https://twitter.com/anothraccmel/status/1659056521920258049,AIA
Wed May 17 22:38:31 +0000 2023,1658965246189654016,@2024Resign @urfaqurrotaainy AIA punya produk asuransi jiwa yang lumayan komplit. Untuk yg cover penyakit kritis pun sudah  dari early stages alias kanker stadium 0 juga sudah bisa klaim.  Plus ada benefit AIA Vitaity dan Medix https://t.co/8D7fneu1Zb,0,0,0,0,in,193596724,1658659212619296768,SemEinhart,https://twitter.com/SemEinhart/status/1658965246189654016,AIA
Wed May 17 10:22:22 +0000 2023,1658779986743132160,@HaloBCA untuk menutup rek asuransi aia apakah bs ke bank bca ? Di kota sy ga ada kantor aia,7,23,0,0,in,92202103,1658779986743132160,bobjack838,https://twitter.com/bobjack838/status/1658779986743132160,AIA
Wed May 17 05:16:52 +0000 2023,1658703106660769792,"@siputdaun Nomor telepon 021-508-645-00 merupakan salah satu nomor telepon resmi Telemarketing AIA ya yg merupakan perusahaan asuransi yg bekerja sama dengan BCA. Apabila tidak berkenan, mohon dapat diabaikan.  Jika ada hal lain yang ingin ditanyakan, Bapak/Ibu Pelanggan bisa (1/2) ^Shani",0,0,0,0,in,620977821,1658698778873061376,HaloBCA,https://twitter.com/HaloBCA/status/1658703106660769792,AIA
Wed May 17 04:19:06 +0000 2023,1658688570587250688,"@PeachJaehyunn_ Untuk nomor tersebut benar dari pihak Telemarketing Asuransi AIA ya, jika Bapak/Ibu tidak berkenan silakan diabaikan saja ya.",0,1,0,0,in,620977821,1658686720039354368,HaloBCA,https://twitter.com/HaloBCA/status/1658688570587250688,AIA
Wed May 17 04:03:00 +0000 2023,1658684517023117313,"@adambrotowijono Tentunya sebelum join jadi agen maupun nasabah AIA, aku juga dah riset bandingin beberapa company lain. Dan menurutku memang AIA paling ciamik. Aku jadi nasabahnya juga bukan semata-mata karena aku agen juga. Tapi emang karena bener-bener sadar aja pentingnya asuransi.",0,0,0,1,in,1325331468613156864,1655390179321057280,ampastahuhu,https://twitter.com/ampastahuhu/status/1658684517023117313,AIA
Mon May 15 10:14:30 +0000 2023,1658053234429423616,"@wrizarding @HaloBCA Sama, hari ini saya juga dapat tlp mengatasnamakan asuransi AIA, kalau dengerin kontraknya secara tidak langsung kita bisa menyetujui kontrak berdasarkan jawaban tlp. mohon penjelasan @HaloBCA, mengapa no tlp dan alamat saya ada di pihak lain",2,9,0,0,in,2595350244,1657950741749960705,mulyana_kini,https://twitter.com/mulyana_kini/status/1658053234429423616,AIA
Mon May 15 09:25:47 +0000 2023,1658040971278557185,"@PartaiSocmed @ynosrutnug @ojkindonesia @jokowi Saya koordinator korban asuransi unitlink AIA AXA MANDIRI PRUDENTIAL,saya juga membantu menyuarakan semua korban asuransi,biar didengar presiden,saya bukan nyepam bro https://t.co/W5PlF1cOdx",0,0,0,0,in,1297895830423105537,1657944777000615936,MariaTrihartati,https://twitter.com/MariaTrihartati/status/1658040971278557185,AIA
Mon May 15 08:50:14 +0000 2023,1658032027365457920,Proses Internal Asuransi AIA Merugikan Nasabah - https://t.co/4DLvt9BTpx CC @ojkindonesia,0,0,0,0,in,1117529034,1658032027365457920,MediaKonsumenID,https://twitter.com/MediaKonsumenID/status/1658032027365457920,AIA
Mon May 15 00:13:45 +0000 2023,1657902048896245762,"@aan__ Dok, asuransi AIA sekarang ada ngeluarin produk sepatu?",0,0,0,2,in,1097056814,1657901691352797184,FunkieChunky,https://twitter.com/FunkieChunky/status/1657902048896245762,AIA
Sun May 14 00:23:55 +0000 2023,1657542221653237761,"Jgn lupa infokan ke keluarga &amp  ahli waris bila memiliki polis asuransi jiwa. Penting untuk mereka tahu cara klaim &amp  agennya.  Di AIA bisa pilih asuransi jiwa termlife, wholelife, endowment. Mau pilih tradisional non investasi atau unitlink/PAYDI jg bisa. https://t.co/8D7fneu1Zb",0,1,0,2,in,193596724,1657542209179353088,SemEinhart,https://twitter.com/SemEinhart/status/1657542221653237761,AIA
Sun May 14 00:00:18 +0000 2023,1657536278391558144,"@aphip_al @azvinl Pahami produknya pak, apakah sudah sesuai kebutuhan dan budget. Hitung secara cermat kebutuhan Uanh Pertanggungannya, sesuaikan dgn tujuan finansial. Asuransi jiwa di AIA udah cukup komplit, mau termlife, endowment, atau wholelife ada. Tradisional/murni atau unitlink juga ada.",0,1,0,0,in,193596724,1657321516235911169,SemEinhart,https://twitter.com/SemEinhart/status/1657536278391558144,AIA
Sat May 13 09:41:40 +0000 2023,1657320194912706561,"sekarang lg sering diputer Bahagia nya GAC, jadi iklan asuransi AIA, smart move mengingat potongan lirik lagunya: Ba-ha-giAIA, Ba-ha-giAIA""""",0,0,0,0,in,4848274246,1657317961772990464,pfzaman,https://twitter.com/pfzaman/status/1657320194912706561,AIA
Fri May 12 12:56:48 +0000 2023,1657006911374643200,Ada yg punya asuransi AIA Tradisional Prima Extra ? Mau tanya2 dong,0,1,0,0,in,544824070,1657006911374643200,jscputriana,https://twitter.com/jscputriana/status/1657006911374643200,AIA
Thu May 11 11:33:52 +0000 2023,1656623656418807808,"@recehtapisayng Hati-hati. Penuhi kebutuhan minum air tiap hari. Meskipun punya asuransi, perhatikan masa tunggu. Radang/batu di saluran kemih termasuk batu ginjal dan ISK kena masa tunggu 10-12 bulan. Sebelum itu ya ga dicover  Atau mulai hidup sehat bareng AIA Vitality https://t.co/8D7fneu1Zb",0,0,1,3,in,193596724,1656561098538229762,SemEinhart,https://twitter.com/SemEinhart/status/1656623656418807808,AIA
Thu May 11 07:33:00 +0000 2023,1656563037590138882,"@Kirigayakazuuu Terkait hal tersebut setah kami bantu konfirmasi, maka umumnya untuk prosedur sudah sesuai ya. Namun, untuk pemberhentian asuransi AIA, mohon kesediaan Bapak/Ibu dapat langsung konfirmasi ke AIA di nomor telepon 1500980 atau melalui email dengan alamat id.customer@aia.com .",0,0,0,0,in,620977821,1656546443199647745,HaloBCA,https://twitter.com/HaloBCA/status/1656563037590138882,AIA
Wed May 10 05:17:06 +0000 2023,1656166451634655234,"@ksyel_ Dengan senang hati kami bantu informasikan. Pemberhentian asuransi AIA, mohon kesediaan Bapak dapat langsung konfirmasi ke AIA di nomor telepon 1500980 atau melalui email dengan alamat id.customer@aia.com ya.  Jika ada hal lain yang ingin ditanyakan, Bapak/Ibu (1/2) ^Achel",0,0,0,0,in,620977821,1656165404295962624,HaloBCA,https://twitter.com/HaloBCA/status/1656166451634655234,AIA
Tue May 09 03:04:54 +0000 2023,1655770793090088961,"@Jaka5058 @adambrotowijono Setuju. Kudu di review berkala, apakah masih relevan atau ga. Over atau under insured. Anyway, kalau mau mempertimbangkan asuransi jiwa murni, di AIA ada kok. Termlife, wholelife, endowment. My DM open for discussion yah",0,0,0,0,in,193596724,1655390179321057280,SemEinhart,https://twitter.com/SemEinhart/status/1655770793090088961,AIA
Mon May 08 16:39:34 +0000 2023,1655613425010216960,@adambrotowijono Sakit kritis gw ambil Allianz Kesehatan gw ambil AIA Waktu itu komparasinya mnrt gw yg paling bagus coveragenya AIA dgn premi yg mirip2. Krg tau kalau skrg. Kalau coverage sakit kritis mnrt gw blm ada yg ngalahin Allianz. Asuransi tuh tiap bbrp periode sekali harus direview lg.,0,1,0,2,in,1350085418276909057,1655390179321057280,Jaka5058,https://twitter.com/Jaka5058/status/1655613425010216960,AIA
Mon May 08 14:13:11 +0000 2023,1655576583724318721,@linolilo Mau diskusi atau cari info asuransi kesehatan AIA? DM aja yak  https://t.co/8D7fnetu9D,0,0,0,0,in,193596724,1655475469062668288,SemEinhart,https://twitter.com/SemEinhart/status/1655576583724318721,AIA
Mon May 08 14:11:08 +0000 2023,1655576068231684099,"@conqhueror Well, barangkali mau cari info asuransi kesehatan dari AIA, DM aja ya  https://t.co/8D7fnetu9D",0,0,0,0,in,193596724,1655481342375911424,SemEinhart,https://twitter.com/SemEinhart/status/1655576068231684099,AIA
Mon May 08 13:17:57 +0000 2023,1655562684413378561,"@adambrotowijono Asuransi pada umumnya cairin dana ke nasabah bila kena resiko (sakit/cacat/meninggal).  Di AIA, justru kalau nasabah jaga gaya hidup sehat, ada dana yang cair berupa voucher gopay dan cashback premi up to 30%.  Win win solution, rasio klaim turun, nasabah juga hepi (dan sehat) https://t.co/ymU5Bb0T2C",1,2,3,55,in,193596724,1655390179321057280,SemEinhart,https://twitter.com/SemEinhart/status/1655562684413378561,AIA
Mon May 08 13:02:53 +0000 2023,1655558890875138049,"@adambrotowijono asuransi kantor gw ttp ada (prudential) , allianz karena udh terlanjur. yg paling bagus AIA. manulife cuma buat asuransi jiwa",0,0,1,0,in,1637324327120146433,1655390179321057280,pokoknya_cerita,https://twitter.com/pokoknya_cerita/status/1655558890875138049,AIA
Mon May 08 12:20:29 +0000 2023,1655548222289645568,"@adambrotowijono Setaun lalu pilih-pilih asuransi ngebandingin 3 ada pruden,aia,allianz. Semuanya unitlink, karena nilai investasinya ngebantu pas bayar premi biar flat hehe.",0,1,0,1,in,120706684,1655390179321057280,widarantids,https://twitter.com/widarantids/status/1655548222289645568,AIA
Mon May 08 09:47:07 +0000 2023,1655509625184354304,@fliptheflopp @adambrotowijono Di AIA ada produk critical illness yang benefitnya untuk unborn child. Jadi anak sejak dalam kandungan sudah bisa didaftarkan asuransi. Untuk memproteksi amit amit ada sakit kritis bawaan lahir.,0,0,0,0,in,193596724,1655390179321057280,SemEinhart,https://twitter.com/SemEinhart/status/1655509625184354304,AIA
Mon May 08 09:22:37 +0000 2023,1655503462032097281,@jokowi Pak Presiden mohon dibantu Bu Maria dan Bu Nila mau melapor ke Bapak terkait korban2 Asuransi UNIT link namun saat ini di BAP oleh Polres Tanah Abang   Emak2 tsb mewakili kami korban asuransi Prudential AIA dan AXA .......,0,0,0,0,in,921582688049422336,1643899588590567424,tjaturSetyaBud1,https://twitter.com/tjaturSetyaBud1/status/1655503462032097281,AIA
Mon May 08 06:34:09 +0000 2023,1655461066862886912,"@adambrotowijono @eveilebel asuransi tuh produknya sama aja pilihanya mau fokus di premi atau balance unitlinknya, yg bedain AGENT-nya pilihlah agent yang beneran membantu dalam ini itu biar beneran terasa maksimal manfaat asuransinyaâ˜ºï¸ gw pake AIA krn agentnya nyokap sendiri hahaha",0,0,0,2,in,1107275775630180354,1655390179321057280,venaquiamor,https://twitter.com/venaquiamor/status/1655461066862886912,AIA
Sun May 07 15:27:51 +0000 2023,1655232989092249610,"@worksfess Di sini ada yang kepotong sama asuransi AIA gak ya? Kalo mau nutup gitu, mending ganti no rekening apa ada cara lain??",0,0,0,0,in,1589189815152836608,1654868623373242369,amazon_tarzan,https://twitter.com/amazon_tarzan/status/1655232989092249610,AIA
Sat May 06 13:23:25 +0000 2023,1654839285596700673,@mattiabottolo At least kamu ngga nonton chelsea zal ya meskipun tottenham sering ga bener ğŸ˜­ğŸ˜­ Ntar minta cover asuransi aia ke mereka zal kalo ke psikologğŸ˜­,0,0,0,0,in,1351492269287763972,1654834994739822592,ishikawaneve,https://twitter.com/ishikawaneve/status/1654839285596700673,AIA
Thu May 04 15:20:48 +0000 2023,1654144049186500610,"@BantuPakPol Ikuti akun Maria trihartati koordinator korban asuransi AIA AXA MANDIRI PRUDENTIAL FB,Ig Twitter ada no wa nya",0,1,0,0,in,1297895830423105537,1525732301543718913,MariaTrihartati,https://twitter.com/MariaTrihartati/status/1654144049186500610,AIA
Thu May 04 11:48:28 +0000 2023,1654090612763930624,"@herdyyudhaskara Mohon maaf atas ketidaknyamanannya.  Kami informasikan bahwa untuk nomor telepon yang diinformasikan adalah benar nomor Telemarketing BCA asuransi AIA, apabila Bapak @herdyyudhaskara tertarik dengan program atau penawaran yang dilakukan oleh pihak telemarketing (1/3) ^Zayn",0,0,0,0,in,620977821,1654089889582022659,HaloBCA,https://twitter.com/HaloBCA/status/1654090612763930624,AIA
Thu May 04 11:24:59 +0000 2023,1654084705057402883,"@ivnmhmmd Sangat disayangkan kendalanya, nomor telepon tersebut merupakan nomor Telemarketing BCA untuk penawaran Asuransi AIA. Apakah tidak ingin dihubungi lagi atau seperti apa yang Bapak/Ibu Pelanggan maksud? ğŸ™‚ ^Altaf",0,0,0,0,in,620977821,1654071984345735169,HaloBCA,https://twitter.com/HaloBCA/status/1654084705057402883,AIA
Thu May 04 10:45:16 +0000 2023,1654074709657665536,"@ivnmhmmd Sangat disayangkan kendalanya, nomor telepon tersebut merupakan nomor telemarketing Asuransi AIA. Apakah tidak ingin dihubungi lagi atau seperti apa yang Bapak/Ibu Pelanggan maksud? :) Tks ^Altaf",0,1,0,0,in,620977821,1654071984345735169,HaloBCA,https://twitter.com/HaloBCA/status/1654074709657665536,AIA
Wed May 03 15:43:45 +0000 2023,1653787438148628481,"@ohmybeautybank Ini pouch makeup, memanfaatkan souvenir asuransi AIA waktu mama jadi agent asuransi di sana. Ini yg size plg gede. Muat segala rupa, panjangnya mungkin sekitar 25cm x 15 cm. Cushion, face pallet esqa, setting spray gede, loose powder dll masuk semua https://t.co/1jOVHH3ApC",0,0,0,2,in,105095549,1653706092579549184,annisabalqis,https://twitter.com/annisabalqis/status/1653787438148628481,AIA
Wed May 03 10:11:57 +0000 2023,1653703937135083520,"PT AIA Financial (AIA) membukukan pendapatan premi per kuartal I/2023 sebesar Rp2,55 triliun. https://t.co/AyLodEFvA3",0,0,1,0,in,1450957656,1653703937135083520,Media_Asuransi,https://twitter.com/Media_Asuransi/status/1653703937135083520,AIA
Wed May 03 06:08:46 +0000 2023,1653642738582310913,"@pogihaja aku rely on asuransi dari kantor doang sebenernya :( ada 3 asuransi: AIA, lippo, sama chubb terus BPJS juga masih jalaan",0,1,0,0,in,1296643411064131584,1653639698403983365,akunyakul,https://twitter.com/akunyakul/status/1653642738582310913,AIA
Tue May 02 04:52:48 +0000 2023,1653261232408002560,"@ujangahmadHida3 Pengecekan data tidak dapat dilakukan melalui layanan ini. Boleh informasikan asuransi yang kamu ikuti sebelumnya, apakah BCA Life, AIA atau yang lainnya?",0,2,0,0,in,17824435,1637449212031037442,GoodLifeBCA,https://twitter.com/GoodLifeBCA/status/1653261232408002560,AIA
Mon May 01 05:33:29 +0000 2023,1652909080766468096,"@suryardiansah Dengan senang hati kami informasikan. Untuk berhenti asuransi AIA, mohon kesediaan Bapak @suryardiansah dapat langsung konfirmasi ke AIA di nomor telepon 1500980 atau melalui email dengan alamat id.customer@aia.com ya.  Jika ada hal lain yang ingin ditanyakan, (1/2) ^Sandra",0,1,0,0,in,620977821,1652908805246849024,HaloBCA,https://twitter.com/HaloBCA/status/1652909080766468096,AIA
Mon May 01 05:32:23 +0000 2023,1652908805246849024,@HaloBCA untuk mengajukan permohonan pemberhentian layanan asuransi AIA yg waktu itu dibantu okeh bca bagaimana prosedur nya ya ?,4,15,0,0,in,289218728,1652908805246849024,suryardiansah,https://twitter.com/suryardiansah/status/1652908805246849024,AIA
Fri Apr 28 12:41:33 +0000 2023,1651929645045125120,"Ngomong2 Ko Sam! Gue ga habis thinking bisa2 nya ni orang 2 thn total kerja (1 yr in bank 1 yr in headhunting as recruiter) trs pindah jadi Meneher Culture di Asuransi AIA pula, trs 9 bulan jadi Meneher di Asuransi PINDAH jadi Senior Meneher di Bank. 2 thn jadi SM pindah jadi AVP https://t.co/P6GSuOwriB",1,1,0,0,in,309557328,1651929645045125120,Allebbellaa,https://twitter.com/Allebbellaa/status/1651929645045125120,AIA
Fri Apr 28 08:04:17 +0000 2023,1651859868515696641,"@sastropwr @aliralira Betul, aku juga salah satu korbannya. Bilangnya tabungan jangka panjang bisa di ambil setelah sekian tahun. Ternyata autodebet ke asuransi AIA full dan tidak bisa di debet. Lalu permasalahan dilempar ke AIA. BCA lepas tangan.",0,0,0,0,in,1283645898782732289,1396387195133448199,cellerin_,https://twitter.com/cellerin_/status/1651859868515696641,AIA
Fri Apr 28 07:53:15 +0000 2023,1651857091244724225,"@bbydriver555 Tidak, hangus uang ku. Pure kesalahan sales yg menjelaskan itu tabungan"" yg bisa kita ambil. Ternyata itu kerjasama dengan asuransi AIA. Jadi kita beli asuransi autodebet.""",0,1,0,0,in,1283645898782732289,1649824079233576960,cellerin_,https://twitter.com/cellerin_/status/1651857091244724225,AIA
Tue Apr 25 09:10:48 +0000 2023,1650789446781145089,@abunsamsul Namun jika sudah terdaftar dan ingin lakukan pembatalan asuransi AIA Bapak dapat langsung konfirmasi ke AIA di nomor telepon 1500980 atau melalui email dengan alamat id.customer@aia.com . Tks ğŸ™‚ ^Anin,0,0,0,0,in,620977821,1650753867368517632,HaloBCA,https://twitter.com/HaloBCA/status/1650789446781145089,AIA
Tue Apr 25 07:59:30 +0000 2023,1650771503292776451,@abunsamsul Namun jika sudah terdaftar dan ingin lakukan pembatalan asuransi AIA Anda dapat langsung konfirmasi ke AIA di nomor telepon 1500980 atau melalui email dengan alamat id.customer@aia.com .,0,0,0,0,in,198556824,1650753867368517632,KartuKreditBCA,https://twitter.com/KartuKreditBCA/status/1650771503292776451,AIA
Tue Apr 25 03:02:35 +0000 2023,1650696780747780097,"Hati2 pemegang Credit Card BCA. Mereka bisa tanpa persetujuan lakukan penagihan premi asuransi AIA. Kejadian ini dialami oleh adik saya. Sdh gitu utk komplain dan pembatalan asuransi AIA itu gk bisa lwt Cs BCA nya, dilempar lg hrs hub ke AIA dan kena biaya admin 50rb utk pbatalan",1,1,0,0,in,708349650554589185,1650696780747780097,abunsamsul,https://twitter.com/abunsamsul/status/1650696780747780097,AIA
Mon Apr 24 23:50:36 +0000 2023,1650648465561772032,@PersonAnoying @idextratime Member AIA sekalian jualan asuransi,0,0,0,0,in,1108534820311715840,1650537475641864194,kuahcabe_,https://twitter.com/kuahcabe_/status/1650648465561772032,AIA
Sat Apr 22 09:16:31 +0000 2023,1649703720563929091,"@mohmahfudmd Tolong pak...korban asuransi Prudential, AIA dan axa yang belum diselesaikan sampai saat ini padahal perjuangan nya sdh ke DPR RI , OJK",0,0,0,0,in,1149909958919512064,1649517912577941505,oi_syahril,https://twitter.com/oi_syahril/status/1649703720563929091,AIA
Fri Apr 21 03:49:20 +0000 2023,1649258994605920257,Kenapa asuransi kantor gue bukan AIA.,0,1,0,0,in,1320379851044315137,1649258994605920257,cxrxlxxnblue,https://twitter.com/cxrxlxxnblue/status/1649258994605920257,AIA
Thu Apr 20 09:42:43 +0000 2023,1648985539255885824,"@ursbaby_ Saya di AIA kak, dan saat ini untuk kesehatan di AIA hanya tersedia opsi PAYDI, ada nilai investasi yang dipakai untuk membayar kenaikan biaya asuransi di masa depan sehingga premi cenderung flat. Sila kontak DM bila ingin mempertimbangkan.",0,1,0,0,in,193596724,1648953709836271620,SemEinhart,https://twitter.com/SemEinhart/status/1648985539255885824,AIA
Thu Apr 20 06:11:46 +0000 2023,1648932448942850049,"@Dziennuen @iTatya @PNS_Ababil Ada dong, cuma jarang dipromosikan. Padahal perusahaan asuransi juga jual produk DPLK (Dana Pensiun Lembaha Keuangan).  Contoh di AIA nama produknya Income Pro https://t.co/uxq3hCy72W",0,0,0,1,in,193596724,1648910959531134976,SemEinhart,https://twitter.com/SemEinhart/status/1648932448942850049,AIA
Wed Apr 19 06:29:13 +0000 2023,1648574454812020736,@citruswooden @tanyakanrl Kak aq ikut asuransi tapi yg aia cimb niaga udah jalan 5taun mau off tapi klo baru 5th bisa hangus gtuğŸ˜¢ğŸ˜¢,0,2,0,0,in,1960608422,1648499162282098689,iqheshundarrii,https://twitter.com/iqheshundarrii/status/1648574454812020736,AIA
Wed Apr 19 03:01:00 +0000 2023,1648522053430177792,"@erika_stitch06 Mohon maaf sebelumnya. Terkait pengembalian dana atau pembatalan asuransi tersebut, tidak dapat dibantu melalui kami. Tetap akan dibantu melalui asuransi AIA tersebut ya. Jika Ibu sudah hubungi pihak AIA, maka kami sarankan menunggu proses yang dilakukan oleh pihak AIA tersebut.",0,0,0,0,in,620977821,1648520927255351298,HaloBCA,https://twitter.com/HaloBCA/status/1648522053430177792,AIA
Wed Apr 19 02:51:23 +0000 2023,1648519633677463552,Part 1 @HaloBCA Tgl 4 april 23 ade saya dapet telp dari AIA ASURANSI BCA .Penelponan hanya menjelaskan kl ade saya dpt kartu kesehatan krna telah menjadi nasabah setia @BankBCA . Penelpon hanya menjelaskan tp gk menginfokan akn di autodebet perbulan nya berapa dgn perjanjian apa.,1,3,0,0,in,1648513775392403457,1648519633677463552,erika_stitch06,https://twitter.com/erika_stitch06/status/1648519633677463552,AIA
Mon Apr 17 04:25:17 +0000 2023,1647818489305128960,"@yoegae_ Mohon maaf atas ketidaknyamanannya, Bapak @yoegae_. Benar, merupakan salah satu nomor telepon resmi dari Telemarketing BCA untuk penawaran asuransi AIA. Hal tersebut akan menjadi evaluasi bagi kami ke depannya ya.  Jika ada hal lain yang ingin ditanyakan, Bapak bisa (1/2) ^Tian",0,1,0,0,in,620977821,1647817841872351235,HaloBCA,https://twitter.com/HaloBCA/status/1647818489305128960,AIA
Sat Apr 15 05:27:13 +0000 2023,1647109301016887296,"@HebatWowngab @worksfess Asuransi jiwa ka, itu dananya bisa masuk ke rekening pribadi dan gapake sistem reimbuse, jadi dananya kepake bgt buat semua kebutuhan. Kalo di aia namanya mpp, kalo kaka mau tanya lebi lanjut bole dm aku, kebetulan aku tau sedikit ttg aia",0,0,0,0,in,1102068138957463552,1647088614264942593,shaaaimr,https://twitter.com/shaaaimr/status/1647109301016887296,AIA
Sat Apr 15 03:43:57 +0000 2023,1647083310643032069,"@Palimbunga94624 @febryfeb Dengan senang hati kami informasikan. Kami informasikan bahwa untuk berhenti asuransi AIA, mohon kesediaan Bapak/Ibu Pelanggan dapat langsung konfirmasi ke AIA di nomor telepon 1500980 atau melalui email dengan alamat id.customer@aia.com ya.  Jika ada hal lain (1/2) ^Sandra",0,0,0,0,in,620977821,1336850475484758017,HaloBCA,https://twitter.com/HaloBCA/status/1647083310643032069,AIA
Fri Apr 14 04:33:01 +0000 2023,1646733273635356672,"Cara batalin gimana? - kontak CS bank/datengin kantor cabang, atau - kontak CS perusahaan asuransi - beberapa asuransi nyediain link web buat batalin, bisa juga lewat chat bot CS  Krn saya di agency AIA, bisa lewat saya juga buat bantu panduan tutup/review polis",0,1,0,5,in,193596724,1646728921122222081,SemEinhart,https://twitter.com/SemEinhart/status/1646733273635356672,AIA
Thu Apr 13 13:04:49 +0000 2023,1646499680669544449,"setelah ngadu ke cs halo bca via whatsapp baru tau itu penawaran asuransi AIA tapi kaya maksain banget,tolong edukasi lagi para penawar asuransi kalo emang nawarin asuransi jangan kaya ngomgong kumurÂ² ngomong cepet trus nyuruh kita bilang SETUJU"" nanya"" data pribadi s""",1,2,0,0,in,1014862389483917313,1646499678421422082,namunamuchoahae,https://twitter.com/namunamuchoahae/status/1646499680669544449,AIA
Thu Apr 13 12:07:32 +0000 2023,1646485268822917121,"##LiburanTerlindungi Travelling Seru dengan Asuransi Gratis dari AIA Hai Bapak/Ibu, Bikin Traveling bareng geng favorit Kamu lebih seru dengan Asuransi Gratis dari AIA yang punya Total Perlindungan hingga Rp25 juta. Tahukah Kamu  https://t.co/TPq53jQAp9",0,0,0,0,in,1519622250089283584,1646485268822917121,fiona99351131,https://twitter.com/fiona99351131/status/1646485268822917121,AIA
Thu Apr 13 08:30:32 +0000 2023,1646430655574863872,"@puteputeran Kami informasikan Bpk/Ibu Pelanggan, untuk nomor tersebut adalah nomor telepon telemarketing asuransi AIA, apabila tidak berkenan maka bisa ditolak ya.  ğŸ™‚ Tks ^Bram",0,0,0,0,in,620977821,1646426386679345152,HaloBCA,https://twitter.com/HaloBCA/status/1646430655574863872,AIA
Thu Apr 13 08:21:40 +0000 2023,1646428427552198656,"@puteputeran Kami informasikan Bpk/Ibu Pelanggan, untuk nomor tersebut adalah nomor telepon telemarketing asuransi AIA, apabila tidak berkanan maka bisa ditolak ya.  Jika ada hal lain yang ingin ditanyakan, Bapak/Ibu bisa DM/Mention kembali ke Twitter @HaloBCA, WhatsApp Halo (1/2) ^Bram",0,1,0,0,in,620977821,1646426386679345152,HaloBCA,https://twitter.com/HaloBCA/status/1646428427552198656,AIA
Thu Apr 13 08:19:11 +0000 2023,1646427802189824000,@HaloBCA +622150864500 telemarketing asuransi AIA kerja sama dgn Bank BCA katanya. Mana ngegas ngomongnya ğŸ™ƒ,0,4,0,0,in,107066144,1646426386679345152,puteputeran,https://twitter.com/puteputeran/status/1646427802189824000,AIA
Thu Apr 13 08:09:16 +0000 2023,1646425306918711301,"@ianyahian Kami informasikan kembali Bapak Noviansyah, untuk nomor tersebut adalah benar dari pihak telemarketing asuransi AIA ya. ğŸ™‚ Tks ^Bram",1,0,0,0,in,620977821,1646421964687540224,HaloBCA,https://twitter.com/HaloBCA/status/1646425306918711301,AIA
Wed Apr 12 18:26:18 +0000 2023,1646218197383921664,"BANYAK. Prudential (asuransi gue), Manulife, Allianz, AIA. Banyak banget.",0,0,0,1,in,1041288514564849664,1646218197383921664,_calvinchandra,https://twitter.com/_calvinchandra/status/1646218197383921664,AIA
Sat Apr 08 04:58:43 +0000 2023,1644565412863180800,"SARANIN W ASURANSI, KECUALI AIA. KALO AIA BANYAK ORDAL.",0,9,0,0,in,1570819233076084738,1644565412863180800,cakebytheoceanl,https://twitter.com/cakebytheoceanl/status/1644565412863180800,AIA
Fri Apr 07 07:09:26 +0000 2023,1644235922437996544,@tanyakanrl klo aku pake asuransi swasta juga ka.. aku pake aia sih.. dm aja klo mau tanya tanya~,0,0,0,0,in,1395486180435652609,1644119042637307904,vksldk99,https://twitter.com/vksldk99/status/1644235922437996544,AIA
Thu Apr 06 23:12:18 +0000 2023,1644115847009665024,"@lucaxyzz Baca ini lewat TL, kebetulan gua agent AIA nih, salam kenal yaa ğŸ˜„  asuransi itu bagus kalo di sesuain kebutuhan"" kebanyakan yg punya polis asuransi ga di pahamin manfaatnya, bisa dari agent yg ga edukasi dgn baik dan bisa juga nasabah ga bertanya banyak tentang manfaatnya ğŸ™‚""",0,0,0,0,in,60256822,1643820684311941120,rikici,https://twitter.com/rikici/status/1644115847009665024,AIA
Thu Apr 06 09:33:36 +0000 2023,1643909813846577153,"##LiburanTerlindungi Travelling Seru dengan Asuransi Gratis dari AIA Hai Bapak/Ibu,  Bikin Traveling bareng geng favorit Kamu lebih seru dengan Asuransi Gratis dari AIA yang punya Total Perlindungan hingga Rp25 jutatas dapat menyebabkan stress berlebih? https://t.co/NhVDiNaeYf",0,0,0,0,in,1527556150350139392,1643909813846577153,vivian89043067,https://twitter.com/vivian89043067/status/1643909813846577153,AIA
Thu Apr 06 04:19:40 +0000 2023,1643830810561351680,"@snowhourr Asuransi kantor, kak worth dan free haha.. Kalau buat pribadi, cobain dari AIA kak. Apalagi kalau pakai AIA Vitality, ga cuma dicover kalau sakit, kalau hidup sehat justru dikasih insentif dan cashback!",0,0,1,0,in,193596724,1643826140849786889,SemEinhart,https://twitter.com/SemEinhart/status/1643830810561351680,AIA
Thu Apr 06 04:14:43 +0000 2023,1643829562403586050,"@SambelIkanKakap @romeogadungan Setuju, mencegah lebih baik daripada mengobati. Makanya seneng banget di asuransi AIA ada program Vitality. Ditantang buat punya gaya hidup sehat. Free checkup Prodia. Dikasih voucher kalau selesain challengeny https://t.co/a9xCEciZlS",0,0,1,0,in,193596724,1643550795827412998,SemEinhart,https://twitter.com/SemEinhart/status/1643829562403586050,AIA
Thu Apr 06 04:02:27 +0000 2023,1643826474800263169,"@romeogadungan Tahun lalu, adik gw rawat inap di RS 10 hari. Abis 46jt lebih. Cuma bayar excess 175rb aja buat imboost+kompres. Padahal polis baru 7 bulan dari AIA. Check up lanjutan &amp  fisioterapi 6x paska opname juga dicover cashless. Entah duit dari mana kalau ga ada asuransi https://t.co/DCoD6Epi6T",2,1,1,4,in,193596724,1643550795827412998,SemEinhart,https://twitter.com/SemEinhart/status/1643826474800263169,AIA
Wed Apr 05 06:40:55 +0000 2023,1643503968327446529,"@AIA_Asuransi  Mohon maaf saya tadi di telp dari pihak aia sebagai nasabah bank BCA an Tri Rahayu ,saya kurang paham tentang asuransi itu saya pikir bukan asuransi ,mohon saya ingin membatalkannya ,mohon follow up nya ,trimss",0,0,0,0,in,1643485498143576064,1643503968327446529,maharaninasha1,https://twitter.com/maharaninasha1/status/1643503968327446529,AIA
Wed Apr 05 10:54:24 +0000 2023,1643567759933202436,"@UID8013523689 Dengan senang hati kami informasikan. Bukan Bapak/Ibu Pelanggan, mhn maaf kami tidak dapat pastikan nominalnya, nomor telepon tersebut merupakan nomor telepon telemarketing Asuransi AIA salah satu asuransi yang bekerjasam dengan BCA. Informasi lebih lanjut dapat (1/3) ^Altaf",0,0,0,0,in,620977821,1643565029684563969,HaloBCA,https://twitter.com/HaloBCA/status/1643567759933202436,AIA
Wed Apr 05 17:58:22 +0000 2023,1643674454915170305,"@UID8013523689 Dengan senang hati kami informasikan. Bukan Bapak/Ibu Pelanggan, mhn maaf kami tidak dapat pastikan nominalnya, nomor telepon tersebut merupakan nomor telepon telemarketing Asuransi AIA salah satu asuransi yang bekerjasama dengan BCA. ğŸ™‚ Tks ^Altaf",0,0,0,0,in,620977821,1643565029684563969,HaloBCA,https://twitter.com/HaloBCA/status/1643674454915170305,AIA
Mon Apr 03 09:40:20 +0000 2023,1642824342945017856,"Saya ikut asuransi AIA syariah, dulu, sy tanya yg pusat, bukan cabang lagi, tdk ngerti aturan polis yg dibuatnya sendiri, yg pusat saja gitu, cabang malah lucu, mau tupol, bilang, maaf saham turun, kalo prospek, ni asu sahamnya naik  MUI harus tegas @Kiyai_MarufAmin @cholilnafis",0,0,0,0,in,1418715805865238529,1642824342945017856,wathon_aminul,https://twitter.com/wathon_aminul/status/1642824342945017856,AIA
Sat Apr 01 04:33:26 +0000 2023,1642022333245423623,"@Mellon615415911 Selamat siang, @Mellon615415911. Untuk pembatalan AIA, Anda bisa menghubungi pihak AIA di nomor 1500980 atau email ke id.customer@aia.com ya. Sebagai informasi, kerja sama BCA dengan AIA hanya sebatas penawaran produk dan produk asuransi tersebut bukan merupakan produk BCA.",0,0,0,0,in,567255514,1603555844708532224,BankBCA,https://twitter.com/BankBCA/status/1642022333245423623,AIA
Tue Apr 04 07:12:51 +0000 2023,1643149616278560770,@__013x Dengan senang hati kami bantu informasikan kembali. Benar Ibu Audrey nomor tersebut terdaftar di BCA sebagai program untuk penjualan/penawaran asuransi AIA melalui telemarketing ya.,0,0,0,0,in,620977821,1643078782285398016,HaloBCA,https://twitter.com/HaloBCA/status/1643149616278560770,AIA
Tue Apr 04 03:38:29 +0000 2023,1643095667907387395,@mellowblvsh Dengan senang hati kami informasikan. Jika yang dimaksud terkait nomor Telemarketing dengan nomor telepon 021-50864500 benar dari pihak Telemarketing AIA yang bekerjasama dengan BCA ya. Untuk asuransi tersebut tidak wajib sehingga jika Bapak/Ibu tidak bersedia (1/2) ^^Hira,0,0,0,0,in,620977821,1643094960156348416,HaloBCA,https://twitter.com/HaloBCA/status/1643095667907387395,AIA
Wed Apr 05 06:13:21 +0000 2023,1643497032294993921,"@maharaninasha1 Mohon maaf kami informasikan nomor tersebut benar Ibu @maharaninasha1 nomor tersebut di BCA sebagai program untuk penjualan/penawaran asuransi AIA melalui telemarketing. Sehingga data Ibu aman ya.  Jika ada hal lain yang ingin ditanyakan, Ibu bisa DM/Mention (1/2) ^Achel",0,0,0,0,in,620977821,1643488347070005248,HaloBCA,https://twitter.com/HaloBCA/status/1643497032294993921,AIA
Sun Apr 02 01:15:28 +0000 2023,1642334902459985922,"@kompascom @susipudjiastuti ai selama di bca seringnya ga berani nawarin asuransi, kenapa? karena tau gabakal balik 100%!  kalo kayak gini siapa yg salah? 1. Customer service, ga di axa di aia pun sama nawarin asuransi tp ga bilang itu asuransi, alias bilang itu tabungan.",0,1,0,0,in,1064461605486788611,1641876180834869260,peteterasi,https://twitter.com/peteterasi/status/1642334902459985922,AIA
Tue Apr 04 07:43:25 +0000 2023,1643157308321693698,"@chiasahii Mohon maaf atas ketidaknyamanannya Bapak/Ibu Pelanggan. Nomor tersebut merupakan nomor Telemarketing Asuransi AIA, jika tidak berkenan mohon diabaikan saja ya.",0,0,0,0,in,620977821,1643155221789708288,HaloBCA,https://twitter.com/HaloBCA/status/1643157308321693698,AIA
Sat Apr 01 04:13:27 +0000 2023,1642017304396595200,"@kompascom @susipudjiastuti ASURANSI SEMUA SAMA,saya ikut AIA BCA 9 thun duwit hilang 14jt,waktu mau ikut di iming2i bunga 10 jt/ thn stlh thun ke 8.",0,0,0,1,in,2323514394,1641876180834869260,bazzraut,https://twitter.com/bazzraut/status/1642017304396595200,AIA
Sat Apr 01 01:39:49 +0000 2023,1641978641881141249,"@HaloBCA Halo, tolong bantu untuk pemberhentian asuransi AIA @HaloBCA",2,9,0,0,in,1501359928711122948,623704040380088322,Mellon615415911,https://twitter.com/Mellon615415911/status/1641978641881141249,AIA
Sat Apr 01 01:39:06 +0000 2023,1641978463249924097,"@BankBCA Halo, boleh info untuk pemberhentian asuransi AIA ? @BankBCA",0,1,0,0,in,1501359928711122948,1603555844708532224,Mellon615415911,https://twitter.com/Mellon615415911/status/1641978463249924097,AIA
Wed Mar 29 14:34:38 +0000 2023,1641086468922953728,Kalo Asuransi itu tipu2 kenapa gak dipidanain aja si AXA Prudential AIA Allianz Manulife dll.  Kenapa malah dibiarin beroperasi sampe sekarang?  Kenapa masih bayarin Klaim Nasabah gw sampe sekarang?  https://t.co/E8FxKuSw80,0,1,0,0,in,954188384989200384,1641086468922953728,asmurcom,https://twitter.com/asmurcom/status/1641086468922953728,AIA
Mon Mar 27 11:32:47 +0000 2023,1640315929405030400,"@prastboedi79 Nomor telepon 02150864500 resmi dari pihak telemarketing AIA yang menawarkan produk asuransi ya. Jika Anda tidak berminat, Anda bisa abaikan dan menolak atas penawaran tersebut.",1,6,0,0,in,567255514,1640287201455132673,BankBCA,https://twitter.com/BankBCA/status/1640315929405030400,AIA
Sun Mar 26 11:53:22 +0000 2023,1639958719344807936,cara klaim asuransi aia gmn dahh,0,0,0,0,in,1344875019210428416,1639958719344807936,seogvrl,https://twitter.com/seogvrl/status/1639958719344807936,AIA
Sun Mar 26 08:05:30 +0000 2023,1639901374505979905,@hidarohmah29 @aan__ Bukan. AIA asuransi itu mb..,0,1,0,3,in,42479056,1639881714385440768,zarasyaa,https://twitter.com/zarasyaa/status/1639901374505979905,AIA
Fri Mar 24 09:37:33 +0000 2023,1639199765429886977,"IMaria Trihartati dlm demo korban asuransi di Gedung AIA di tekan, dikel... https://t.co/uhiOQ9HvvJ lewat @YouTube",0,0,0,0,in,1247428686011236355,1639199765429886977,cintasinnah,https://twitter.com/cintasinnah/status/1639199765429886977,AIA
Fri Mar 24 03:36:57 +0000 2023,1639109017640538112,"@bbyjiajia Mohon maaf atas ketidaknyamanannya Ibu Tika. Untuk nomor telepon tersebut merupakan nomor Telemarketing Asuransi AIA ya, jika tidak berkenan maka dapat diabaikan saja.  Jika ada hal lain yang ingin ditanyakan, Ibu bisa DM/Mention kembali ke Twitter @HaloBCA atau (1/2) ^^Fiza",0,0,0,0,in,620977821,1639108222891196416,HaloBCA,https://twitter.com/HaloBCA/status/1639109017640538112,AIA
Tue Mar 21 04:09:15 +0000 2023,1638029980499341312,"@aciel Sangat disayangkan atas kendala yang Bapak Aciel alami. Untuk nomor yang pertama benar nomor Telemarketing Asuransi AIA ya, jika tidak berkenan silakan diabaikan saja.",0,0,0,0,in,620977821,1638029069383237632,HaloBCA,https://twitter.com/HaloBCA/status/1638029980499341312,AIA
Mon Mar 20 07:39:17 +0000 2023,1637720451643498496,@yutiazahs Hal tersebut menjadi masukan bagi kami untuk terus memperbaiki dan memberikan layanan prima untuk kepuasan Nasabah. Nomor tersebut sebagai program untuk penjualan/penawaran asuransi AIA melalui telemarketing ya Ibu Yutiaza.,0,1,0,0,in,620977821,1637710821160796160,HaloBCA,https://twitter.com/HaloBCA/status/1637720451643498496,AIA
Mon Mar 20 06:05:19 +0000 2023,1637696803566133248,"@biwinbi Turut prihatin atas kendala yang terjadi, untuk nomor telepon yang menghubungi Bapak/Ibu Pelanggan di nomor telepon 02150864500 merupakan nomor layanan penawaran asuransi oleh Telemarketing BCA untuk produk asuransi kerjasama dengan AIA.",0,0,0,0,in,620977821,1637657191472832512,HaloBCA,https://twitter.com/HaloBCA/status/1637696803566133248,AIA
Sat Mar 18 17:21:20 +0000 2023,1637142153259524096,Ditelfon sales bca lagi kerja sampe 20 menit maksa buat ikut aia pas gue bilang sakit paru langsung cepet diakhiri telfonnya ngakak. Trik nih buat yang disuruh daftar asuransi bilang ada sakit jantung atau yang parah,0,0,0,0,in,1373619727692484610,1637142153259524096,bIueIemonad,https://twitter.com/bIueIemonad/status/1637142153259524096,AIA
Fri Mar 17 12:00:22 +0000 2023,1636698991088762880,"@kifkifu Mohon maaf atas ketidaknyamanannya, Bapak/Ibu Pelanggan. Merupakan salah satu nomor telepon resmi Telemarketing BCA untuk penawaran asuransi AIA. Apabila Bapak/Ibu tdk berkenan menerima penawaran dari BCA melalui sarana komunikasi pribadi, mohon kesediaannya (1/3) ^Tian",0,0,0,0,in,620977821,1636698437239607296,HaloBCA,https://twitter.com/HaloBCA/status/1636698991088762880,AIA
